sequenceID	record_id	organism	target_datatype	target_version	target_name	scaffold	orientation	assigned_name	extract_start	extract_end	locus_structure	sequence_length
Crocidura_indochinensis_24310	24310	Crocidura_indochinensis	low_coverage	CroInd_v1_BIUU	GCA_004027635.1_CroInd_v1_BIUU_genomic.fna	PVKC010373061.1	-	0	997	1515	gag[RELIK(-)]	519
Crocidura_indochinensis_24273	24273	Crocidura_indochinensis	low_coverage	CroInd_v1_BIUU	GCA_004027635.1_CroInd_v1_BIUU_genomic.fna	PVKC010494106.1	-	0	567	1106	gag[SIVsmm(-)]	540
Crocidura_indochinensis_24558	24558	Crocidura_indochinensis	low_coverage	CroInd_v1_BIUU	GCA_004027635.1_CroInd_v1_BIUU_genomic.fna	PVKC010677653.1	-	0	162	704	gag[MELVmpf(-)]	543
Crocidura_indochinensis_24545	24545	Crocidura_indochinensis	low_coverage	CroInd_v1_BIUU	GCA_004027635.1_CroInd_v1_BIUU_genomic.fna	PVKC010142434.1	-	0	2937	3485	gag[MELVmpf(-)]	549
Crocidura_indochinensis_24532	24532	Crocidura_indochinensis	low_coverage	CroInd_v1_BIUU	GCA_004027635.1_CroInd_v1_BIUU_genomic.fna	PVKC010247235.1	+	0	1673	2272	gag[RELIK(+)]	600
Crocidura_indochinensis_24651	24651	Crocidura_indochinensis	low_coverage	CroInd_v1_BIUU	GCA_004027635.1_CroInd_v1_BIUU_genomic.fna	PVKC010304285.1	+	0	670	1272	gag[RELIK(+)]	603
Galeopterus_variegatus_24435	24435	Galeopterus_variegatus	low_coverage	G-variegatus_3.0.2_apr_2015	unplaced.scaf.fa	JMZW01485036.1	-	0	22	564	gag[MELVmpf(-)]	543
Galeopterus_variegatus_24150	24150	Galeopterus_variegatus	low_coverage	G-variegatus_3.0.2_apr_2015	unplaced.scaf.fa	KL144934.1	-	0	34738	36665	pol[FIVfca(-)]	1928
Galeopterus_variegatus_24596	24596	Galeopterus_variegatus	low_coverage	G-variegatus_3.0.2_apr_2015	unplaced.scaf.fa	KL152857.1	+	0	63515	65489	gag[MELVmpf(+)]-pol[MELVmpf(+)]	1975
Galeopterus_variegatus_24080	24080	Galeopterus_variegatus	low_coverage	G-variegatus_3.0.2_apr_2015	unplaced.scaf.fa	KL148477.1	+	0	15306	18176	gag[MELVmpf(+)]-pol[FIVfca(+)]	2871
Galeopterus_variegatus_24262	24262	Galeopterus_variegatus	low_coverage	G-variegatus_3.0.2_apr_2015	unplaced.scaf.fa	KL144797.1	+	0	31988	35710	pol[FIVfca(+)]	3723
Galeopterus_variegatus_24732	24732	Galeopterus_variegatus	low_coverage	G-variegatus_3.0.2_apr_2015	unplaced.scaf.fa	KL143158.1	+	0	71239	75370	gag[EIAV-As(+)]-pol[MELVmpf(+)]-pol[FIVpco(+)]	4132
Galeopterus_variegatus_24449	24449	Galeopterus_variegatus	low_coverage	G-variegatus_3.0.2_apr_2015	unplaced.scaf.fa	KL153624.1	+	0	39625	44893	gag[RELIK(+)]-pol[FIVpco(+)]	5269
Galeopterus_variegatus_24692	24692	Galeopterus_variegatus	low_coverage	G-variegatus_3.0.2_apr_2015	unplaced.scaf.fa	KL150894.1	-	0	28634	34548	pol[FIVpco(-)]-pol[HIV-1-CRF02(-)]	5915
Lepus_americanus_24789	24789	Lepus_americanus	low_coverage	LepAme_v1_BIUU	GCA_004026855.1_LepAme_v1_BIUU_genomic.fna	PVJM010013136.1	-	0	16044	16443	LTR[RELIK(-)]	400
Lepus_americanus_24423	24423	Lepus_americanus	low_coverage	LepAme_v1_BIUU	GCA_004026855.1_LepAme_v1_BIUU_genomic.fna	PVJM010093631.1	+	0	1887	2289	LTR[RELIK(+)]	403
Lepus_americanus_24657	24657	Lepus_americanus	low_coverage	LepAme_v1_BIUU	GCA_004026855.1_LepAme_v1_BIUU_genomic.fna	PVJM010400464.1	+	0	391	795	LTR[RELIK(+)]	405
Lepus_americanus_24230	24230	Lepus_americanus	low_coverage	LepAme_v1_BIUU	GCA_004026855.1_LepAme_v1_BIUU_genomic.fna	PVJM010447409.1	+	0	253	658	LTR[RELIK(+)]	406
Lepus_americanus_24712	24712	Lepus_americanus	low_coverage	LepAme_v1_BIUU	GCA_004026855.1_LepAme_v1_BIUU_genomic.fna	PVJM010022642.1	+	0	14600	15007	LTR[RELIK(+)]	408
Lepus_americanus_24092	24092	Lepus_americanus	low_coverage	LepAme_v1_BIUU	GCA_004026855.1_LepAme_v1_BIUU_genomic.fna	PVJM010023172.1	-	0	23000	23408	LTR[RELIK(-)]	409
Lepus_americanus_24160	24160	Lepus_americanus	low_coverage	LepAme_v1_BIUU	GCA_004026855.1_LepAme_v1_BIUU_genomic.fna	PVJM010030299.1	+	0	5983	6391	LTR[RELIK(+)]	409
Lepus_americanus_24765	24765	Lepus_americanus	low_coverage	LepAme_v1_BIUU	GCA_004026855.1_LepAme_v1_BIUU_genomic.fna	PVJM010017954.1	+	0	1131	1541	LTR[RELIK(+)]	411
Lepus_americanus_24327	24327	Lepus_americanus	low_coverage	LepAme_v1_BIUU	GCA_004026855.1_LepAme_v1_BIUU_genomic.fna	PVJM010020826.1	+	0	216	627	LTR[RELIK(+)]	412
Lepus_americanus_24494	24494	Lepus_americanus	low_coverage	LepAme_v1_BIUU	GCA_004026855.1_LepAme_v1_BIUU_genomic.fna	PVJM010056013.1	-	0	7185	7596	LTR[RELIK(-)]	412
Lepus_americanus_24108	24108	Lepus_americanus	low_coverage	LepAme_v1_BIUU	GCA_004026855.1_LepAme_v1_BIUU_genomic.fna	PVJM010008286.1	+	0	22913	23325	LTR[RELIK(+)]	413
Lepus_americanus_24318	24318	Lepus_americanus	low_coverage	LepAme_v1_BIUU	GCA_004026855.1_LepAme_v1_BIUU_genomic.fna	PVJM010247098.1	-	0	1066	1478	LTR[RELIK(-)]	413
Lepus_americanus_24721	24721	Lepus_americanus	low_coverage	LepAme_v1_BIUU	GCA_004026855.1_LepAme_v1_BIUU_genomic.fna	PVJM010062494.1	+	0	3664	4078	LTR[RELIK(+)]	415
Lepus_americanus_24463	24463	Lepus_americanus	low_coverage	LepAme_v1_BIUU	GCA_004026855.1_LepAme_v1_BIUU_genomic.fna	PVJM010013491.1	-	0	33996	34411	LTR[RELIK(-)]	416
Lepus_americanus_24582	24582	Lepus_americanus	low_coverage	LepAme_v1_BIUU	GCA_004026855.1_LepAme_v1_BIUU_genomic.fna	PVJM010026269.1	+	0	2412	2827	LTR[RELIK(+)]-LTR[RELIK(+)]	416
Lepus_americanus_24632	24632	Lepus_americanus	low_coverage	LepAme_v1_BIUU	GCA_004026855.1_LepAme_v1_BIUU_genomic.fna	PVJM010135616.1	-	0	1016	1431	LTR[RELIK(-)]	416
Lepus_americanus_24648	24648	Lepus_americanus	low_coverage	LepAme_v1_BIUU	GCA_004026855.1_LepAme_v1_BIUU_genomic.fna	PVJM010056499.1	+	0	1994	2413	LTR[RELIK(+)]	420
Lepus_americanus_24338	24338	Lepus_americanus	low_coverage	LepAme_v1_BIUU	GCA_004026855.1_LepAme_v1_BIUU_genomic.fna	PVJM010008852.1	-	0	4730	5150	LTR[RELIK(-)]	421
Lepus_americanus_24528	24528	Lepus_americanus	low_coverage	LepAme_v1_BIUU	GCA_004026855.1_LepAme_v1_BIUU_genomic.fna	PVJM010003728.1	-	0	53162	53583	LTR[RELIK(-)]	422
Lepus_americanus_24224	24224	Lepus_americanus	low_coverage	LepAme_v1_BIUU	GCA_004026855.1_LepAme_v1_BIUU_genomic.fna	PVJM010011950.1	+	0	3009	3432	LTR[RELIK(+)]	424
Lepus_americanus_24109	24109	Lepus_americanus	low_coverage	LepAme_v1_BIUU	GCA_004026855.1_LepAme_v1_BIUU_genomic.fna	PVJM010014941.1	-	0	25846	26274	LTR[RELIK(-)]	429
Lepus_americanus_24178	24178	Lepus_americanus	low_coverage	LepAme_v1_BIUU	GCA_004026855.1_LepAme_v1_BIUU_genomic.fna	PVJM010033081.1	-	0	696	1124	LTR[RELIK(-)]	429
Lepus_americanus_24045	24045	Lepus_americanus	low_coverage	LepAme_v1_BIUU	GCA_004026855.1_LepAme_v1_BIUU_genomic.fna	PVJM010020834.1	+	0	13886	14316	LTR[RELIK(+)]	431
Lepus_americanus_24421	24421	Lepus_americanus	low_coverage	LepAme_v1_BIUU	GCA_004026855.1_LepAme_v1_BIUU_genomic.fna	PVJM010033849.1	+	0	5425	5857	LTR[RELIK(+)]	433
Lepus_americanus_24400	24400	Lepus_americanus	low_coverage	LepAme_v1_BIUU	GCA_004026855.1_LepAme_v1_BIUU_genomic.fna	PVJM010086741.1	+	0	540	977	LTR[RELIK(+)]	438
Lepus_americanus_24557	24557	Lepus_americanus	low_coverage	LepAme_v1_BIUU	GCA_004026855.1_LepAme_v1_BIUU_genomic.fna	PVJM010053334.1	+	0	954	1392	LTR[RELIK(+)]	439
Lepus_americanus_24384	24384	Lepus_americanus	low_coverage	LepAme_v1_BIUU	GCA_004026855.1_LepAme_v1_BIUU_genomic.fna	PVJM010067152.1	-	0	1620	2060	LTR[RELIK(-)]	441
Lepus_americanus_24560	24560	Lepus_americanus	low_coverage	LepAme_v1_BIUU	GCA_004026855.1_LepAme_v1_BIUU_genomic.fna	PVJM010001352.1	+	0	39212	39652	LTR[RELIK(+)]	441
Lepus_americanus_24436	24436	Lepus_americanus	low_coverage	LepAme_v1_BIUU	GCA_004026855.1_LepAme_v1_BIUU_genomic.fna	PVJM010046232.1	-	0	1581	2026	LTR[RELIK(-)]	446
Lepus_americanus_24112	24112	Lepus_americanus	low_coverage	LepAme_v1_BIUU	GCA_004026855.1_LepAme_v1_BIUU_genomic.fna	PVJM010001096.1	-	0	15420	15866	LTR[RELIK(-)]	447
Lepus_americanus_24447	24447	Lepus_americanus	low_coverage	LepAme_v1_BIUU	GCA_004026855.1_LepAme_v1_BIUU_genomic.fna	PVJM010011234.1	+	0	11291	11737	LTR[RELIK(+)]	447
Lepus_americanus_24652	24652	Lepus_americanus	low_coverage	LepAme_v1_BIUU	GCA_004026855.1_LepAme_v1_BIUU_genomic.fna	PVJM010066416.1	-	0	1614	2060	LTR[RELIK(-)]	447
Lepus_americanus_24503	24503	Lepus_americanus	low_coverage	LepAme_v1_BIUU	GCA_004026855.1_LepAme_v1_BIUU_genomic.fna	PVJM010069504.1	+	0	6580	7028	LTR[RELIK(+)]	449
Lepus_americanus_24566	24566	Lepus_americanus	low_coverage	LepAme_v1_BIUU	GCA_004026855.1_LepAme_v1_BIUU_genomic.fna	PVJM010054085.1	+	0	7575	8023	LTR[RELIK(+)]	449
Lepus_americanus_24756	24756	Lepus_americanus	low_coverage	LepAme_v1_BIUU	GCA_004026855.1_LepAme_v1_BIUU_genomic.fna	PVJM010016500.1	+	0	20709	21158	LTR[RELIK(+)]	450
Lepus_americanus_24387	24387	Lepus_americanus	low_coverage	LepAme_v1_BIUU	GCA_004026855.1_LepAme_v1_BIUU_genomic.fna	PVJM010034212.1	-	0	4679	5133	LTR[RELIK(-)]	455
Lepus_americanus_24610	24610	Lepus_americanus	low_coverage	LepAme_v1_BIUU	GCA_004026855.1_LepAme_v1_BIUU_genomic.fna	PVJM010032561.1	-	0	20697	21151	LTR[RELIK(-)]	455
Lepus_americanus_24525	24525	Lepus_americanus	low_coverage	LepAme_v1_BIUU	GCA_004026855.1_LepAme_v1_BIUU_genomic.fna	PVJM010069038.1	+	0	8204	8659	LTR[RELIK(+)]	456
Lepus_americanus_24546	24546	Lepus_americanus	low_coverage	LepAme_v1_BIUU	GCA_004026855.1_LepAme_v1_BIUU_genomic.fna	PVJM010043866.1	-	0	6639	7094	LTR[RELIK(-)]	456
Lepus_americanus_24751	24751	Lepus_americanus	low_coverage	LepAme_v1_BIUU	GCA_004026855.1_LepAme_v1_BIUU_genomic.fna	PVJM010079287.1	+	0	5793	6248	LTR[RELIK(+)]	456
Lepus_americanus_24213	24213	Lepus_americanus	low_coverage	LepAme_v1_BIUU	GCA_004026855.1_LepAme_v1_BIUU_genomic.fna	PVJM010067592.1	+	0	8346	8804	LTR[RELIK(+)]	459
Lepus_americanus_24688	24688	Lepus_americanus	low_coverage	LepAme_v1_BIUU	GCA_004026855.1_LepAme_v1_BIUU_genomic.fna	PVJM010403283.1	-	0	110	568	LTR[RELIK(-)]	459
Lepus_americanus_24394	24394	Lepus_americanus	low_coverage	LepAme_v1_BIUU	GCA_004026855.1_LepAme_v1_BIUU_genomic.fna	PVJM010035190.1	+	0	19364	19824	LTR[RELIK(+)]	461
Lepus_americanus_24407	24407	Lepus_americanus	low_coverage	LepAme_v1_BIUU	GCA_004026855.1_LepAme_v1_BIUU_genomic.fna	PVJM010127727.1	+	0	2874	3334	LTR[RELIK(+)]	461
Lepus_americanus_24736	24736	Lepus_americanus	low_coverage	LepAme_v1_BIUU	GCA_004026855.1_LepAme_v1_BIUU_genomic.fna	PVJM010109483.1	-	0	293	753	LTR[RELIK(-)]	461
Lepus_americanus_24682	24682	Lepus_americanus	low_coverage	LepAme_v1_BIUU	GCA_004026855.1_LepAme_v1_BIUU_genomic.fna	PVJM010301896.1	-	0	110	571	LTR[RELIK(-)]	462
Lepus_americanus_24022	24022	Lepus_americanus	low_coverage	LepAme_v1_BIUU	GCA_004026855.1_LepAme_v1_BIUU_genomic.fna	PVJM010534119.1	+	0	1	471	pol[RELIK(+)]	471
Lepus_americanus_24096	24096	Lepus_americanus	low_coverage	LepAme_v1_BIUU	GCA_004026855.1_LepAme_v1_BIUU_genomic.fna	PVJM010001896.1	-	0	73330	73809	LTR[RELIK(-)]	480
Lepus_americanus_24534	24534	Lepus_americanus	low_coverage	LepAme_v1_BIUU	GCA_004026855.1_LepAme_v1_BIUU_genomic.fna	PVJM010007266.1	+	0	25872	26355	LTR[RELIK(+)]	484
Lepus_americanus_24571	24571	Lepus_americanus	low_coverage	LepAme_v1_BIUU	GCA_004026855.1_LepAme_v1_BIUU_genomic.fna	PVJM010000877.1	+	0	69671	70155	LTR[RELIK(+)]	485
Lepus_americanus_24740	24740	Lepus_americanus	low_coverage	LepAme_v1_BIUU	GCA_004026855.1_LepAme_v1_BIUU_genomic.fna	PVJM010000760.1	-	0	63445	63929	LTR[RELIK(-)]	485
Lepus_americanus_24530	24530	Lepus_americanus	low_coverage	LepAme_v1_BIUU	GCA_004026855.1_LepAme_v1_BIUU_genomic.fna	PVJM010010882.1	+	0	6190	6675	LTR[RELIK(+)]	486
Lepus_americanus_24272	24272	Lepus_americanus	low_coverage	LepAme_v1_BIUU	GCA_004026855.1_LepAme_v1_BIUU_genomic.fna	PVJM010380196.1	+	0	376	866	LTR[RELIK(+)]	491
Lepus_americanus_24437	24437	Lepus_americanus	low_coverage	LepAme_v1_BIUU	GCA_004026855.1_LepAme_v1_BIUU_genomic.fna	PVJM010449426.1	+	0	161	651	LTR[RELIK(+)]	491
Lepus_americanus_24440	24440	Lepus_americanus	low_coverage	LepAme_v1_BIUU	GCA_004026855.1_LepAme_v1_BIUU_genomic.fna	PVJM010048545.1	+	0	12121	12613	LTR[RELIK(+)]	493
Lepus_americanus_24604	24604	Lepus_americanus	low_coverage	LepAme_v1_BIUU	GCA_004026855.1_LepAme_v1_BIUU_genomic.fna	PVJM010053903.1	+	0	9832	10324	LTR[RELIK(+)]	493
Lepus_americanus_24788	24788	Lepus_americanus	low_coverage	LepAme_v1_BIUU	GCA_004026855.1_LepAme_v1_BIUU_genomic.fna	PVJM010324702.1	+	0	1	493	LTR[RELIK(+)]	493
Lepus_americanus_24052	24052	Lepus_americanus	low_coverage	LepAme_v1_BIUU	GCA_004026855.1_LepAme_v1_BIUU_genomic.fna	PVJM010031016.1	-	0	9926	10419	LTR[RELIK(-)]	494
Lepus_americanus_24028	24028	Lepus_americanus	low_coverage	LepAme_v1_BIUU	GCA_004026855.1_LepAme_v1_BIUU_genomic.fna	PVJM010264399.1	-	0	244	739	LTR[RELIK(-)]	496
Lepus_americanus_24704	24704	Lepus_americanus	low_coverage	LepAme_v1_BIUU	GCA_004026855.1_LepAme_v1_BIUU_genomic.fna	PVJM010029544.1	+	0	11300	11795	LTR[RELIK(+)]	496
Lepus_americanus_24464	24464	Lepus_americanus	low_coverage	LepAme_v1_BIUU	GCA_004026855.1_LepAme_v1_BIUU_genomic.fna	PVJM010106238.1	+	0	297	794	LTR[RELIK(+)]	498
Lepus_americanus_24576	24576	Lepus_americanus	low_coverage	LepAme_v1_BIUU	GCA_004026855.1_LepAme_v1_BIUU_genomic.fna	PVJM010378083.1	+	0	20	517	LTR[RELIK(+)]	498
Lepus_americanus_24495	24495	Lepus_americanus	low_coverage	LepAme_v1_BIUU	GCA_004026855.1_LepAme_v1_BIUU_genomic.fna	PVJM010004564.1	+	0	37187	37689	LTR[RELIK(+)]	503
Lepus_americanus_24145	24145	Lepus_americanus	low_coverage	LepAme_v1_BIUU	GCA_004026855.1_LepAme_v1_BIUU_genomic.fna	PVJM010007772.1	+	0	1916	2436	LTR[RELIK(+)]	521
Lepus_americanus_24362	24362	Lepus_americanus	low_coverage	LepAme_v1_BIUU	GCA_004026855.1_LepAme_v1_BIUU_genomic.fna	PVJM010257665.1	-	0	937	1497	LTR[RELIK(-)]-rev[RELIK(-)]	561
Lepus_americanus_24646	24646	Lepus_americanus	low_coverage	LepAme_v1_BIUU	GCA_004026855.1_LepAme_v1_BIUU_genomic.fna	PVJM010434046.1	-	0	1	693	pol[RELIK(-)]	693
Lepus_americanus_24190	24190	Lepus_americanus	low_coverage	LepAme_v1_BIUU	GCA_004026855.1_LepAme_v1_BIUU_genomic.fna	PVJM010376242.1	-	0	26	737	env[RELIK(-)]	712
Lepus_americanus_24064	24064	Lepus_americanus	low_coverage	LepAme_v1_BIUU	GCA_004026855.1_LepAme_v1_BIUU_genomic.fna	PVJM010404779.1	-	0	54	777	gag[RELIK(-)]-LTR[RELIK(-)]	724
Lepus_americanus_24340	24340	Lepus_americanus	low_coverage	LepAme_v1_BIUU	GCA_004026855.1_LepAme_v1_BIUU_genomic.fna	PVJM010397540.1	-	0	2	804	gag[RELIK(-)]-LTR[RELIK(-)]	803
Lepus_americanus_24672	24672	Lepus_americanus	low_coverage	LepAme_v1_BIUU	GCA_004026855.1_LepAme_v1_BIUU_genomic.fna	PVJM010368713.1	+	0	2	910	env[RELIK(+)]-rev[RELIK(+)]-LTR[RELIK(+)]	909
Lepus_americanus_24392	24392	Lepus_americanus	low_coverage	LepAme_v1_BIUU	GCA_004026855.1_LepAme_v1_BIUU_genomic.fna	PVJM010346407.1	+	0	24	938	pol[RELIK(+)]	915
Lepus_americanus_24068	24068	Lepus_americanus	low_coverage	LepAme_v1_BIUU	GCA_004026855.1_LepAme_v1_BIUU_genomic.fna	PVJM010091048.1	+	0	6287	7208	LTR[RELIK(+)]-gag[RELIK(+)]	922
Lepus_americanus_24656	24656	Lepus_americanus	low_coverage	LepAme_v1_BIUU	GCA_004026855.1_LepAme_v1_BIUU_genomic.fna	PVJM010331894.1	-	0	46	1039	gag[RELIK(-)]	994
Lepus_americanus_24707	24707	Lepus_americanus	low_coverage	LepAme_v1_BIUU	GCA_004026855.1_LepAme_v1_BIUU_genomic.fna	PVJM010315435.1	+	0	101	1094	gag[RELIK(+)]	994
Lepus_americanus_24361	24361	Lepus_americanus	low_coverage	LepAme_v1_BIUU	GCA_004026855.1_LepAme_v1_BIUU_genomic.fna	PVJM010345096.1	-	0	2	998	pol[RELIK(-)]	997
Lepus_americanus_24127	24127	Lepus_americanus	low_coverage	LepAme_v1_BIUU	GCA_004026855.1_LepAme_v1_BIUU_genomic.fna	PVJM010343534.1	+	0	2	1006	pol[RELIK(+)]	1005
Lepus_americanus_24442	24442	Lepus_americanus	low_coverage	LepAme_v1_BIUU	GCA_004026855.1_LepAme_v1_BIUU_genomic.fna	PVJM010185452.1	-	0	2	1077	gag[RELIK(-)]-LTR[RELIK(-)]	1076
Lepus_americanus_24539	24539	Lepus_americanus	low_coverage	LepAme_v1_BIUU	GCA_004026855.1_LepAme_v1_BIUU_genomic.fna	PVJM010301069.1	+	0	17	1093	gag[RELIK(+)]	1077
Lepus_americanus_24735	24735	Lepus_americanus	low_coverage	LepAme_v1_BIUU	GCA_004026855.1_LepAme_v1_BIUU_genomic.fna	PVJM010225818.1	+	0	2	1089	env[RELIK(+)]-rev[RELIK(+)]-LTR[RELIK(+)]	1088
Lepus_americanus_24218	24218	Lepus_americanus	low_coverage	LepAme_v1_BIUU	GCA_004026855.1_LepAme_v1_BIUU_genomic.fna	PVJM010132521.1	-	0	2812	3963	env[RELIK(-)]-pol[RELIK(-)]	1152
Lepus_americanus_24561	24561	Lepus_americanus	low_coverage	LepAme_v1_BIUU	GCA_004026855.1_LepAme_v1_BIUU_genomic.fna	PVJM010266879.1	+	0	106	1324	env[RELIK(+)]-rev[RELIK(+)]-LTR[RELIK(+)]	1219
Lepus_americanus_24061	24061	Lepus_americanus	low_coverage	LepAme_v1_BIUU	GCA_004026855.1_LepAme_v1_BIUU_genomic.fna	PVJM010238219.1	-	0	11	1294	gag[RELIK(-)]	1284
Lepus_americanus_24631	24631	Lepus_americanus	low_coverage	LepAme_v1_BIUU	GCA_004026855.1_LepAme_v1_BIUU_genomic.fna	PVJM010128007.1	-	0	2506	3891	env[RELIK(-)]-pol[RELIK(-)]	1386
Lepus_americanus_24520	24520	Lepus_americanus	low_coverage	LepAme_v1_BIUU	GCA_004026855.1_LepAme_v1_BIUU_genomic.fna	PVJM010240434.1	-	0	110	1646	pol[RELIK(-)]-pol[RELIK(-)]	1537
Lepus_americanus_24607	24607	Lepus_americanus	low_coverage	LepAme_v1_BIUU	GCA_004026855.1_LepAme_v1_BIUU_genomic.fna	PVJM010104259.1	+	0	3	1654	pol[RELIK(+)]-env[RELIK(+)]	1652
Lepus_americanus_24104	24104	Lepus_americanus	low_coverage	LepAme_v1_BIUU	GCA_004026855.1_LepAme_v1_BIUU_genomic.fna	PVJM010226908.1	+	0	128	1783	pol[RELIK(+)]	1656
Lepus_americanus_24122	24122	Lepus_americanus	low_coverage	LepAme_v1_BIUU	GCA_004026855.1_LepAme_v1_BIUU_genomic.fna	PVJM010088327.1	+	0	2697	4739	gag[RELIK(+)]-env[RELIK(+)]	2043
Lepus_americanus_24121	24121	Lepus_americanus	low_coverage	LepAme_v1_BIUU	GCA_004026855.1_LepAme_v1_BIUU_genomic.fna	PVJM010146895.1	+	0	1072	3186	pol[RELIK(+)]	2115
Lepus_americanus_24176	24176	Lepus_americanus	low_coverage	LepAme_v1_BIUU	GCA_004026855.1_LepAme_v1_BIUU_genomic.fna	PVJM010008346.1	-	0	5017	7192	env[RELIK(-)]-gag[RELIK(-)]	2176
Lepus_americanus_24741	24741	Lepus_americanus	low_coverage	LepAme_v1_BIUU	GCA_004026855.1_LepAme_v1_BIUU_genomic.fna	PVJM010053582.1	+	0	734	2981	env[RELIK(+)]	2248
Lepus_americanus_24409	24409	Lepus_americanus	low_coverage	LepAme_v1_BIUU	GCA_004026855.1_LepAme_v1_BIUU_genomic.fna	PVJM010181729.1	-	0	66	2450	env[RELIK(-)]-env[RELIK(-)]-pol[RELIK(-)]	2385
Lepus_americanus_24214	24214	Lepus_americanus	low_coverage	LepAme_v1_BIUU	GCA_004026855.1_LepAme_v1_BIUU_genomic.fna	PVJM010009710.1	+	0	40767	43522	gag[RELIK(+)]-pol[RELIK(+)]	2756
Lepus_americanus_24023	24023	Lepus_americanus	low_coverage	LepAme_v1_BIUU	GCA_004026855.1_LepAme_v1_BIUU_genomic.fna	PVJM010050045.1	-	0	443	3214	LTR[RELIK(-)]-env[RELIK(-)]-env[RELIK(-)]-pol[RELIK(-)]	2772
Lepus_americanus_24542	24542	Lepus_americanus	low_coverage	LepAme_v1_BIUU	GCA_004026855.1_LepAme_v1_BIUU_genomic.fna	PVJM010046403.1	-	0	4491	7443	env[RELIK(-)]-env[RELIK(-)]-pol[RELIK(-)]	2953
Lepus_americanus_24467	24467	Lepus_americanus	low_coverage	LepAme_v1_BIUU	GCA_004026855.1_LepAme_v1_BIUU_genomic.fna	PVJM010020979.1	-	0	14123	17541	env[RELIK(-)]-env[RELIK(-)]-gag[RELIK(-)]-gag[RELIK(-)]	3419
Lepus_americanus_24415	24415	Lepus_americanus	low_coverage	LepAme_v1_BIUU	GCA_004026855.1_LepAme_v1_BIUU_genomic.fna	PVJM010026092.1	+	0	4862	8328	gag[RELIK(+)]-gag[RELIK(+)]-env[RELIK(+)]-env[RELIK(+)]	3467
Lepus_americanus_24343	24343	Lepus_americanus	low_coverage	LepAme_v1_BIUU	GCA_004026855.1_LepAme_v1_BIUU_genomic.fna	PVJM010011928.1	+	0	36006	39494	pol[RELIK(+)]	3489
Lepus_americanus_24170	24170	Lepus_americanus	low_coverage	LepAme_v1_BIUU	GCA_004026855.1_LepAme_v1_BIUU_genomic.fna	PVJM010096262.1	+	0	3067	6613	LTR[RELIK(+)]-pol[RELIK(+)]	3547
Lepus_americanus_24524	24524	Lepus_americanus	low_coverage	LepAme_v1_BIUU	GCA_004026855.1_LepAme_v1_BIUU_genomic.fna	PVJM010019645.1	+	0	11509	15249	pol[RELIK(+)]-Vif[RELIK(+)]-env[RELIK(+)]-rev[RELIK(+)]	3741
Lepus_americanus_24114	24114	Lepus_americanus	low_coverage	LepAme_v1_BIUU	GCA_004026855.1_LepAme_v1_BIUU_genomic.fna	PVJM010070084.1	+	0	1550	5310	pol[RELIK(+)]-Vif[RELIK(+)]-env[RELIK(+)]-rev[RELIK(+)]	3761
Lepus_americanus_24056	24056	Lepus_americanus	low_coverage	LepAme_v1_BIUU	GCA_004026855.1_LepAme_v1_BIUU_genomic.fna	PVJM010018723.1	+	0	8436	12375	pol[RELIK(+)]-Vif[RELIK(+)]-env[RELIK(+)]-env[RELIK(+)]	3940
Lepus_americanus_24580	24580	Lepus_americanus	low_coverage	LepAme_v1_BIUU	GCA_004026855.1_LepAme_v1_BIUU_genomic.fna	PVJM010063072.1	-	0	1274	5226	gag[RELIK(-)]	3953
Lepus_americanus_24267	24267	Lepus_americanus	low_coverage	LepAme_v1_BIUU	GCA_004026855.1_LepAme_v1_BIUU_genomic.fna	PVJM010111286.1	-	0	1181	5163	pol[RELIK(-)]-gag[RELIK(-)]	3983
Lepus_americanus_24595	24595	Lepus_americanus	low_coverage	LepAme_v1_BIUU	GCA_004026855.1_LepAme_v1_BIUU_genomic.fna	PVJM010035557.1	-	0	708	4922	env[RELIK(-)]-env[RELIK(-)]-pol[RELIK(-)]-gag[RELIK(-)]	4215
Lepus_americanus_24279	24279	Lepus_americanus	low_coverage	LepAme_v1_BIUU	GCA_004026855.1_LepAme_v1_BIUU_genomic.fna	PVJM010037697.1	-	0	8916	13256	env[RELIK(-)]-env[RELIK(-)]-gag[RELIK(-)]-gag[RELIK(-)]-LTR[RELIK(-)]	4341
Lepus_americanus_24497	24497	Lepus_americanus	low_coverage	LepAme_v1_BIUU	GCA_004026855.1_LepAme_v1_BIUU_genomic.fna	PVJM010121669.1	+	0	4	4457	gag[RELIK(+)]-env[RELIK(+)]	4454
Lepus_americanus_24379	24379	Lepus_americanus	low_coverage	LepAme_v1_BIUU	GCA_004026855.1_LepAme_v1_BIUU_genomic.fna	PVJM010020356.1	+	0	23828	28761	LTR[RELIK(+)]-gag[RELIK(+)]-env[RELIK(+)]-env[RELIK(+)]-LTR[RELIK(+)]	4934
Lepus_americanus_24371	24371	Lepus_americanus	low_coverage	LepAme_v1_BIUU	GCA_004026855.1_LepAme_v1_BIUU_genomic.fna	PVJM010003657.1	-	0	43161	48354	env[RELIK(-)]-gag[RELIK(-)]	5194
Lepus_americanus_24320	24320	Lepus_americanus	low_coverage	LepAme_v1_BIUU	GCA_004026855.1_LepAme_v1_BIUU_genomic.fna	PVJM010103373.1	+	0	1	5702	LTR[RELIK(+)]-gag[RELIK(+)]-pol[RELIK(+)]	5702
Lepus_americanus_24084	24084	Lepus_americanus	low_coverage	LepAme_v1_BIUU	GCA_004026855.1_LepAme_v1_BIUU_genomic.fna	PVJM010097211.1	-	0	88	6508	env[RELIK(-)]-pol[RELIK(-)]-gag[RELIK(-)]-LTR[RELIK(-)]	6421
Lepus_americanus_24510	24510	Lepus_americanus	low_coverage	LepAme_v1_BIUU	GCA_004026855.1_LepAme_v1_BIUU_genomic.fna	PVJM010058017.1	-	0	307	6829	rev[RELIK(-)]-env[RELIK(-)]-env[RELIK(-)]-env[RELIK(-)]-tat[RELIK(-)]-pol[RELIK(-)]-LTR[RELIK(-)]	6523
Lepus_americanus_24271	24271	Lepus_americanus	low_coverage	LepAme_v1_BIUU	GCA_004026855.1_LepAme_v1_BIUU_genomic.fna	PVJM010057256.1	+	0	2	6549	pol[RELIK(+)]-env[RELIK(+)]-rev[RELIK(+)]-LTR[RELIK(+)]-LTR[RELIK(+)]	6548
Lepus_americanus_24757	24757	Lepus_americanus	low_coverage	LepAme_v1_BIUU	GCA_004026855.1_LepAme_v1_BIUU_genomic.fna	PVJM010083368.1	-	0	1658	8209	rev[RELIK(-)]-env[RELIK(-)]-env[RELIK(-)]-tat[RELIK(-)]-pol[RELIK(-)]-gag[RELIK(-)]	6552
Lepus_americanus_24723	24723	Lepus_americanus	low_coverage	LepAme_v1_BIUU	GCA_004026855.1_LepAme_v1_BIUU_genomic.fna	PVJM010001062.1	-	0	83461	90188	LTR[RELIK(-)]-rev[RELIK(-)]-env[RELIK(-)]-pol[RELIK(-)]	6728
Lepus_americanus_24284	24284	Lepus_americanus	low_coverage	LepAme_v1_BIUU	GCA_004026855.1_LepAme_v1_BIUU_genomic.fna	PVJM010023064.1	+	0	14561	22371	pol[RELIK(+)]-pol[RELIK(+)]-env[RELIK(+)]-rev[RELIK(+)]	7811
Lepus_americanus_24487	24487	Lepus_americanus	low_coverage	LepAme_v1_BIUU	GCA_004026855.1_LepAme_v1_BIUU_genomic.fna	PVJM010018742.1	-	0	1355	9543	env[RELIK(-)]-env[RELIK(-)]-tat[RELIK(-)]-pol[RELIK(-)]-pol[RELIK(-)]-pol[RELIK(-)]-gag[RELIK(-)]-LEA[RELIK(-)]	8189
Lepus_americanus_24477	24477	Lepus_americanus	low_coverage	LepAme_v1_BIUU	GCA_004026855.1_LepAme_v1_BIUU_genomic.fna	PVJM010004328.1	+	0	39430	48094	LTR[RELIK(+)]-pol[RELIK(+)]-pol[RELIK(+)]-env[RELIK(+)]-rev[RELIK(+)]-LTR[RELIK(+)]	8665
Lepus_timidus_24242	24242	Lepus_timidus	low_coverage	GCA_009760805	GCA_009760805.1_CIBIO-ISEM_LeTim_1.1_genomic.fna	CM019672.1	+	0	31162555	31162956	LTR[RELIK(+)]	402
Lepus_timidus_24047	24047	Lepus_timidus	low_coverage	GCA_009760805	GCA_009760805.1_CIBIO-ISEM_LeTim_1.1_genomic.fna	CM019681.1	-	0	58081531	58081933	LTR[RELIK(-)]	403
Lepus_timidus_24189	24189	Lepus_timidus	low_coverage	GCA_009760805	GCA_009760805.1_CIBIO-ISEM_LeTim_1.1_genomic.fna	CM019676.1	-	0	40572395	40572797	LTR[RELIK(-)]	403
Lepus_timidus_24372	24372	Lepus_timidus	low_coverage	GCA_009760805	GCA_009760805.1_CIBIO-ISEM_LeTim_1.1_genomic.fna	CM019685.1	-	0	30176548	30176952	LTR[RELIK(-)]	405
Lepus_timidus_24187	24187	Lepus_timidus	low_coverage	GCA_009760805	GCA_009760805.1_CIBIO-ISEM_LeTim_1.1_genomic.fna	CM019681.1	+	0	90975146	90975553	LTR[RELIK(+)]	408
Lepus_timidus_24026	24026	Lepus_timidus	low_coverage	GCA_009760805	GCA_009760805.1_CIBIO-ISEM_LeTim_1.1_genomic.fna	CM019671.1	+	0	13431924	13432332	LTR[RELIK(+)]	409
Lepus_timidus_24448	24448	Lepus_timidus	low_coverage	GCA_009760805	GCA_009760805.1_CIBIO-ISEM_LeTim_1.1_genomic.fna	CM019681.1	+	0	66534122	66534530	LTR[RELIK(+)]	409
Lepus_timidus_24285	24285	Lepus_timidus	low_coverage	GCA_009760805	GCA_009760805.1_CIBIO-ISEM_LeTim_1.1_genomic.fna	CM019682.1	+	0	13719217	13719629	LTR[RELIK(+)]	413
Lepus_timidus_24621	24621	Lepus_timidus	low_coverage	GCA_009760805	GCA_009760805.1_CIBIO-ISEM_LeTim_1.1_genomic.fna	CM019669.1	+	0	126418499	126418911	LTR[RELIK(+)]	413
Lepus_timidus_24776	24776	Lepus_timidus	low_coverage	GCA_009760805	GCA_009760805.1_CIBIO-ISEM_LeTim_1.1_genomic.fna	CM019672.1	-	0	14600021	14600438	LTR[RELIK(-)]	418
Lepus_timidus_24597	24597	Lepus_timidus	low_coverage	GCA_009760805	GCA_009760805.1_CIBIO-ISEM_LeTim_1.1_genomic.fna	CM019670.1	+	0	73265002	73265420	LTR[RELIK(+)]	419
Lepus_timidus_24126	24126	Lepus_timidus	low_coverage	GCA_009760805	GCA_009760805.1_CIBIO-ISEM_LeTim_1.1_genomic.fna	CM019682.1	-	0	105152720	105153139	LTR[RELIK(-)]	420
Lepus_timidus_24253	24253	Lepus_timidus	low_coverage	GCA_009760805	GCA_009760805.1_CIBIO-ISEM_LeTim_1.1_genomic.fna	CM019675.1	-	0	151238159	151238579	LTR[RELIK(-)]	421
Lepus_timidus_24413	24413	Lepus_timidus	low_coverage	GCA_009760805	GCA_009760805.1_CIBIO-ISEM_LeTim_1.1_genomic.fna	CM019682.1	-	0	109700324	109700752	LTR[RELIK(-)]	429
Lepus_timidus_24048	24048	Lepus_timidus	low_coverage	GCA_009760805	GCA_009760805.1_CIBIO-ISEM_LeTim_1.1_genomic.fna	CM019690.1	-	0	65127544	65127976	LTR[RELIK(-)]	433
Lepus_timidus_24783	24783	Lepus_timidus	low_coverage	GCA_009760805	GCA_009760805.1_CIBIO-ISEM_LeTim_1.1_genomic.fna	CM019670.1	-	0	37647968	37648402	LTR[RELIK(-)]	435
Lepus_timidus_24426	24426	Lepus_timidus	low_coverage	GCA_009760805	GCA_009760805.1_CIBIO-ISEM_LeTim_1.1_genomic.fna	VUAX01000325.1	+	0	2941120	2941555	LTR[RELIK(+)]	436
Lepus_timidus_24713	24713	Lepus_timidus	low_coverage	GCA_009760805	GCA_009760805.1_CIBIO-ISEM_LeTim_1.1_genomic.fna	CM019679.1	+	0	26311841	26312276	LTR[RELIK(+)]	436
Lepus_timidus_24398	24398	Lepus_timidus	low_coverage	GCA_009760805	GCA_009760805.1_CIBIO-ISEM_LeTim_1.1_genomic.fna	CM019670.1	-	0	108813812	108814248	LTR[RELIK(-)]	437
Lepus_timidus_24017	24017	Lepus_timidus	low_coverage	GCA_009760805	GCA_009760805.1_CIBIO-ISEM_LeTim_1.1_genomic.fna	CM019670.1	+	0	104103441	104103878	LTR[RELIK(+)]	438
Lepus_timidus_24123	24123	Lepus_timidus	low_coverage	GCA_009760805	GCA_009760805.1_CIBIO-ISEM_LeTim_1.1_genomic.fna	CM019670.1	+	0	147333578	147334020	LTR[RELIK(+)]	443
Lepus_timidus_24158	24158	Lepus_timidus	low_coverage	GCA_009760805	GCA_009760805.1_CIBIO-ISEM_LeTim_1.1_genomic.fna	CM019676.1	-	0	33872785	33873233	LTR[RELIK(-)]	449
Lepus_timidus_24350	24350	Lepus_timidus	low_coverage	GCA_009760805	GCA_009760805.1_CIBIO-ISEM_LeTim_1.1_genomic.fna	CM019683.1	+	0	40337457	40337905	LTR[RELIK(+)]	449
Lepus_timidus_24100	24100	Lepus_timidus	low_coverage	GCA_009760805	GCA_009760805.1_CIBIO-ISEM_LeTim_1.1_genomic.fna	CM019683.1	-	0	95303503	95303952	LTR[RELIK(-)]	450
Lepus_timidus_24120	24120	Lepus_timidus	low_coverage	GCA_009760805	GCA_009760805.1_CIBIO-ISEM_LeTim_1.1_genomic.fna	CM019679.1	-	0	45338264	45338713	LTR[RELIK(-)]	450
Lepus_timidus_24458	24458	Lepus_timidus	low_coverage	GCA_009760805	GCA_009760805.1_CIBIO-ISEM_LeTim_1.1_genomic.fna	CM019690.1	+	0	42739412	42739862	LTR[RELIK(+)]	451
Lepus_timidus_24667	24667	Lepus_timidus	low_coverage	GCA_009760805	GCA_009760805.1_CIBIO-ISEM_LeTim_1.1_genomic.fna	CM019679.1	+	0	46824293	46824743	LTR[RELIK(+)]	451
Lepus_timidus_24399	24399	Lepus_timidus	low_coverage	GCA_009760805	GCA_009760805.1_CIBIO-ISEM_LeTim_1.1_genomic.fna	CM019682.1	+	0	22381582	22382034	LTR[RELIK(+)]	453
Lepus_timidus_24432	24432	Lepus_timidus	low_coverage	GCA_009760805	GCA_009760805.1_CIBIO-ISEM_LeTim_1.1_genomic.fna	CM019675.1	+	0	158464860	158465312	LTR[RELIK(+)]	453
Lepus_timidus_24124	24124	Lepus_timidus	low_coverage	GCA_009760805	GCA_009760805.1_CIBIO-ISEM_LeTim_1.1_genomic.fna	CM019670.1	-	0	71731009	71731462	LTR[RELIK(-)]	454
Lepus_timidus_24548	24548	Lepus_timidus	low_coverage	GCA_009760805	GCA_009760805.1_CIBIO-ISEM_LeTim_1.1_genomic.fna	CM019671.1	-	0	116035332	116035787	LTR[RELIK(-)]	456
Lepus_timidus_24452	24452	Lepus_timidus	low_coverage	GCA_009760805	GCA_009760805.1_CIBIO-ISEM_LeTim_1.1_genomic.fna	CM019671.1	-	0	114788614	114789070	LTR[RELIK(-)]	457
Lepus_timidus_24097	24097	Lepus_timidus	low_coverage	GCA_009760805	GCA_009760805.1_CIBIO-ISEM_LeTim_1.1_genomic.fna	CM019681.1	+	0	117829668	117830126	LTR[RELIK(+)]	459
Lepus_timidus_24502	24502	Lepus_timidus	low_coverage	GCA_009760805	GCA_009760805.1_CIBIO-ISEM_LeTim_1.1_genomic.fna	CM019672.1	+	0	35035801	35036259	LTR[RELIK(+)]	459
Lepus_timidus_24626	24626	Lepus_timidus	low_coverage	GCA_009760805	GCA_009760805.1_CIBIO-ISEM_LeTim_1.1_genomic.fna	CM019684.1	+	0	80964959	80965417	LTR[RELIK(+)]	459
Lepus_timidus_24333	24333	Lepus_timidus	low_coverage	GCA_009760805	GCA_009760805.1_CIBIO-ISEM_LeTim_1.1_genomic.fna	VUAX01000333.1	-	0	302382	302841	LTR[RELIK(-)]	460
Lepus_timidus_24475	24475	Lepus_timidus	low_coverage	GCA_009760805	GCA_009760805.1_CIBIO-ISEM_LeTim_1.1_genomic.fna	CM019676.1	-	0	39299204	39299665	LTR[RELIK(-)]	462
Lepus_timidus_24633	24633	Lepus_timidus	low_coverage	GCA_009760805	GCA_009760805.1_CIBIO-ISEM_LeTim_1.1_genomic.fna	CM019670.1	-	0	150887031	150887494	LTR[RELIK(-)]	464
Lepus_timidus_24486	24486	Lepus_timidus	low_coverage	GCA_009760805	GCA_009760805.1_CIBIO-ISEM_LeTim_1.1_genomic.fna	CM019678.1	+	0	2879848	2880312	LTR[RELIK(+)]	465
Lepus_timidus_24235	24235	Lepus_timidus	low_coverage	GCA_009760805	GCA_009760805.1_CIBIO-ISEM_LeTim_1.1_genomic.fna	VUAX01000388.1	-	0	60266	60732	LTR[RELIK(-)]	467
Lepus_timidus_24086	24086	Lepus_timidus	low_coverage	GCA_009760805	GCA_009760805.1_CIBIO-ISEM_LeTim_1.1_genomic.fna	CM019669.1	-	0	187305206	187305676	LTR[RELIK(-)]	471
Lepus_timidus_24325	24325	Lepus_timidus	low_coverage	GCA_009760805	GCA_009760805.1_CIBIO-ISEM_LeTim_1.1_genomic.fna	CM019670.1	-	0	159491103	159491581	LTR[RELIK(-)]	479
Lepus_timidus_24128	24128	Lepus_timidus	low_coverage	GCA_009760805	GCA_009760805.1_CIBIO-ISEM_LeTim_1.1_genomic.fna	CM019683.1	-	0	51986848	51987333	LTR[RELIK(-)]	486
Lepus_timidus_24199	24199	Lepus_timidus	low_coverage	GCA_009760805	GCA_009760805.1_CIBIO-ISEM_LeTim_1.1_genomic.fna	CM019677.1	+	0	112821681	112822168	LTR[RELIK(+)]	488
Lepus_timidus_24341	24341	Lepus_timidus	low_coverage	GCA_009760805	GCA_009760805.1_CIBIO-ISEM_LeTim_1.1_genomic.fna	VUAX01003350.1	-	0	7714	8202	LTR[RELIK(-)]	489
Lepus_timidus_24076	24076	Lepus_timidus	low_coverage	GCA_009760805	GCA_009760805.1_CIBIO-ISEM_LeTim_1.1_genomic.fna	CM019670.1	-	0	169444516	169445008	LTR[RELIK(-)]	493
Lepus_timidus_24101	24101	Lepus_timidus	low_coverage	GCA_009760805	GCA_009760805.1_CIBIO-ISEM_LeTim_1.1_genomic.fna	CM019681.1	-	0	134527132	134527625	LTR[RELIK(-)]	494
Lepus_timidus_24444	24444	Lepus_timidus	low_coverage	GCA_009760805	GCA_009760805.1_CIBIO-ISEM_LeTim_1.1_genomic.fna	CM019673.1	+	0	36818323	36818818	LTR[RELIK(+)]	496
Lepus_timidus_24232	24232	Lepus_timidus	low_coverage	GCA_009760805	GCA_009760805.1_CIBIO-ISEM_LeTim_1.1_genomic.fna	CM019690.1	+	0	91732782	91733279	LTR[RELIK(+)]	498
Lepus_timidus_24708	24708	Lepus_timidus	low_coverage	GCA_009760805	GCA_009760805.1_CIBIO-ISEM_LeTim_1.1_genomic.fna	VUAX01000529.1	-	0	12413	12910	LTR[RELIK(-)]	498
Lepus_timidus_24303	24303	Lepus_timidus	low_coverage	GCA_009760805	GCA_009760805.1_CIBIO-ISEM_LeTim_1.1_genomic.fna	CM019682.1	+	0	6104130	6104649	LTR[RELIK(+)]	520
Lepus_timidus_24172	24172	Lepus_timidus	low_coverage	GCA_009760805	GCA_009760805.1_CIBIO-ISEM_LeTim_1.1_genomic.fna	CM019670.1	-	0	151864032	151864552	LTR[RELIK(-)]	521
Lepus_timidus_24536	24536	Lepus_timidus	low_coverage	GCA_009760805	GCA_009760805.1_CIBIO-ISEM_LeTim_1.1_genomic.fna	CM019670.1	+	0	165120519	165121073	LTR[RELIK(+)]-LTR[RELIK(+)]	555
Lepus_timidus_24241	24241	Lepus_timidus	low_coverage	GCA_009760805	GCA_009760805.1_CIBIO-ISEM_LeTim_1.1_genomic.fna	CM019682.1	-	0	27065336	27065902	LTR[RELIK(-)]-LTR[RELIK(-)]	567
Lepus_timidus_24133	24133	Lepus_timidus	low_coverage	GCA_009760805	GCA_009760805.1_CIBIO-ISEM_LeTim_1.1_genomic.fna	VUAX01000019.1	+	0	2169	2740	env[RELIK(+)]	572
Lepus_timidus_24676	24676	Lepus_timidus	low_coverage	GCA_009760805	GCA_009760805.1_CIBIO-ISEM_LeTim_1.1_genomic.fna	VUAX01000268.1	-	0	2965368	2966365	gag[RELIK(-)]-gag[RELIK(-)]	998
Lepus_timidus_24466	24466	Lepus_timidus	low_coverage	GCA_009760805	GCA_009760805.1_CIBIO-ISEM_LeTim_1.1_genomic.fna	CM019671.1	-	0	81823233	81825251	env[RELIK(-)]-gag[RELIK(-)]	2019
Lepus_timidus_24038	24038	Lepus_timidus	low_coverage	GCA_009760805	GCA_009760805.1_CIBIO-ISEM_LeTim_1.1_genomic.fna	CM019675.1	-	0	19984579	19987001	env[RELIK(-)]-gag[RELIK(-)]	2423
Lepus_timidus_24380	24380	Lepus_timidus	low_coverage	GCA_009760805	GCA_009760805.1_CIBIO-ISEM_LeTim_1.1_genomic.fna	CM019672.1	+	0	17578225	17580672	env[RELIK(+)]	2448
Lepus_timidus_24334	24334	Lepus_timidus	low_coverage	GCA_009760805	GCA_009760805.1_CIBIO-ISEM_LeTim_1.1_genomic.fna	CM019672.1	+	0	2071901	2074369	gag[RELIK(+)]-pol[RELIK(+)]	2469
Lepus_timidus_24450	24450	Lepus_timidus	low_coverage	GCA_009760805	GCA_009760805.1_CIBIO-ISEM_LeTim_1.1_genomic.fna	CM019681.1	+	0	55751871	55754647	pol[RELIK(+)]-env[RELIK(+)]-LTR[RELIK(+)]	2777
Lepus_timidus_24584	24584	Lepus_timidus	low_coverage	GCA_009760805	GCA_009760805.1_CIBIO-ISEM_LeTim_1.1_genomic.fna	CM019673.1	+	0	36793786	36796562	pol[RELIK(+)]-env[RELIK(+)]-LTR[RELIK(+)]	2777
Lepus_timidus_24714	24714	Lepus_timidus	low_coverage	GCA_009760805	GCA_009760805.1_CIBIO-ISEM_LeTim_1.1_genomic.fna	CM019675.1	+	0	76393484	76396551	gag[RELIK(+)]-env[RELIK(+)]-env[RELIK(+)]	3068
Lepus_timidus_24622	24622	Lepus_timidus	low_coverage	GCA_009760805	GCA_009760805.1_CIBIO-ISEM_LeTim_1.1_genomic.fna	VUAX01000098.1	+	0	111875	115081	LTR[RELIK(+)]-pol[RELIK(+)]	3207
Lepus_timidus_24471	24471	Lepus_timidus	low_coverage	GCA_009760805	GCA_009760805.1_CIBIO-ISEM_LeTim_1.1_genomic.fna	VUAX01000235.1	-	0	1244341	1247838	pol[RELIK(-)]	3498
Lepus_timidus_24754	24754	Lepus_timidus	low_coverage	GCA_009760805	GCA_009760805.1_CIBIO-ISEM_LeTim_1.1_genomic.fna	CM019681.1	-	0	88990318	88994504	pol[RELIK(-)]-gag[RELIK(-)]-LTR[RELIK(-)]	4187
Lepus_timidus_24312	24312	Lepus_timidus	low_coverage	GCA_009760805	GCA_009760805.1_CIBIO-ISEM_LeTim_1.1_genomic.fna	CM019680.1	-	0	60812455	60816808	env[RELIK(-)]-pol[RELIK(-)]-LTR[RELIK(-)]	4354
Lepus_timidus_24315	24315	Lepus_timidus	low_coverage	GCA_009760805	GCA_009760805.1_CIBIO-ISEM_LeTim_1.1_genomic.fna	CM019680.1	-	0	105336720	105341269	env[RELIK(-)]-env[RELIK(-)]-env[RELIK(-)]-gag[RELIK(-)]-LTR[RELIK(-)]	4550
Lepus_timidus_24619	24619	Lepus_timidus	low_coverage	GCA_009760805	GCA_009760805.1_CIBIO-ISEM_LeTim_1.1_genomic.fna	VUAX01000176.1	-	0	297538	302251	env[RELIK(-)]-pol[RELIK(-)]-pol[RELIK(-)]	4714
Lepus_timidus_24059	24059	Lepus_timidus	low_coverage	GCA_009760805	GCA_009760805.1_CIBIO-ISEM_LeTim_1.1_genomic.fna	CM019685.1	+	0	29967409	29972819	env[RELIK(+)]-rev[RELIK(+)]-gag[RELIK(+)]	5411
Lepus_timidus_24771	24771	Lepus_timidus	low_coverage	GCA_009760805	GCA_009760805.1_CIBIO-ISEM_LeTim_1.1_genomic.fna	CM019669.1	+	0	175992223	175997669	LTR[RELIK(+)]-gag[RELIK(+)]-pol[RELIK(+)]-env[RELIK(+)]-LTR[RELIK(+)]	5447
Lepus_timidus_24777	24777	Lepus_timidus	low_coverage	GCA_009760805	GCA_009760805.1_CIBIO-ISEM_LeTim_1.1_genomic.fna	VUAX01000113.1	+	0	274573	281320	gag[RELIK(+)]-env[RELIK(+)]-env[RELIK(+)]	6748
Lepus_timidus_24772	24772	Lepus_timidus	low_coverage	GCA_009760805	GCA_009760805.1_CIBIO-ISEM_LeTim_1.1_genomic.fna	CM019676.1	+	0	47640458	47647261	LTR[RELIK(+)]-LTR[RELIK(+)]-gag[RELIK(+)]-rev[RELIK(+)]-LTR[RELIK(+)]	6804
Lepus_timidus_24141	24141	Lepus_timidus	low_coverage	GCA_009760805	GCA_009760805.1_CIBIO-ISEM_LeTim_1.1_genomic.fna	CM019673.1	+	0	36805698	36812570	LTR[RELIK(+)]-gag[RELIK(+)]-env[RELIK(+)]-env[RELIK(+)]-LTR[RELIK(+)]	6873
Lepus_timidus_24053	24053	Lepus_timidus	low_coverage	GCA_009760805	GCA_009760805.1_CIBIO-ISEM_LeTim_1.1_genomic.fna	CM019669.1	+	0	165000930	165008233	LEA[RELIK(+)]-gag[RELIK(+)]-pol[RELIK(+)]-env[RELIK(+)]	7304
Lepus_timidus_24562	24562	Lepus_timidus	low_coverage	GCA_009760805	GCA_009760805.1_CIBIO-ISEM_LeTim_1.1_genomic.fna	CM019682.1	+	0	108239081	108246849	pol[RELIK(+)]-pol[RELIK(+)]-env[RELIK(+)]	7769
Lepus_timidus_24039	24039	Lepus_timidus	low_coverage	GCA_009760805	GCA_009760805.1_CIBIO-ISEM_LeTim_1.1_genomic.fna	VUAX01000538.1	-	0	2711	11419	LTR[RELIK(-)]-env[RELIK(-)]-pol[RELIK(-)]-pol[RELIK(-)]-gag[RELIK(-)]-LEA[RELIK(-)]	8709
Lepus_timidus_24660	24660	Lepus_timidus	low_coverage	GCA_009760805	GCA_009760805.1_CIBIO-ISEM_LeTim_1.1_genomic.fna	CM019681.1	-	0	112914682	112924045	LTR[RELIK(-)]-env[RELIK(-)]-pol[RELIK(-)]-pol[RELIK(-)]-gag[RELIK(-)]-LTR[RELIK(-)]	9364
Lepus_timidus_24067	24067	Lepus_timidus	low_coverage	GCA_009760805	GCA_009760805.1_CIBIO-ISEM_LeTim_1.1_genomic.fna	VUAX01000176.1	-	0	328257	337919	LTR[RELIK(-)]-env[RELIK(-)]-env[RELIK(-)]-pol[RELIK(-)]-gag[RELIK(-)]-gag[RELIK(-)]-LTR[RELIK(-)]-LTR[RELIK(-)]	9663
Lepus_timidus_24299	24299	Lepus_timidus	low_coverage	GCA_009760805	GCA_009760805.1_CIBIO-ISEM_LeTim_1.1_genomic.fna	CM019683.1	-	0	66511769	66522942	LTR[RELIK(-)]-env[RELIK(-)]-pol[RELIK(-)]-LTR[RELIK(-)]	11174
Microcebus_griseorufus_24553	24553	Microcebus_griseorufus	low_coverage	Mgri_1.0	GCA_008750995.1_Mgri_1.0_genomic.fna	VSMI01475791.1	+	0	982	1400	LTR[pSIVgml(+)]-rev[pSIVgml(+)]	419
Microcebus_griseorufus_24229	24229	Microcebus_griseorufus	low_coverage	Mgri_1.0	GCA_008750995.1_Mgri_1.0_genomic.fna	VSMI01183987.1	+	0	37893	38312	LTR[pSIVgml(+)]-rev[pSIVgml(+)]	420
Microcebus_griseorufus_24488	24488	Microcebus_griseorufus	low_coverage	Mgri_1.0	GCA_008750995.1_Mgri_1.0_genomic.fna	VSMI01066237.1	+	0	6877	7296	LTR[pSIVgml(+)]-rev[pSIVgml(+)]	420
Microcebus_griseorufus_24627	24627	Microcebus_griseorufus	low_coverage	Mgri_1.0	GCA_008750995.1_Mgri_1.0_genomic.fna	VSMI01252309.1	+	0	3987	4406	LTR[pSIVgml(+)]-rev[pSIVgml(+)]	420
Microcebus_griseorufus_24628	24628	Microcebus_griseorufus	low_coverage	Mgri_1.0	GCA_008750995.1_Mgri_1.0_genomic.fna	VSMI01190802.1	+	0	10960	11379	LTR[pSIVgml(+)]-rev[pSIVgml(+)]	420
Microcebus_griseorufus_24724	24724	Microcebus_griseorufus	low_coverage	Mgri_1.0	GCA_008750995.1_Mgri_1.0_genomic.fna	VSMI01332051.1	-	0	2686	3105	LTR[pSIVgml(-)]-rev[pSIVgml(-)]	420
Microcebus_griseorufus_24263	24263	Microcebus_griseorufus	low_coverage	Mgri_1.0	GCA_008750995.1_Mgri_1.0_genomic.fna	VSMI01132181.1	+	0	29874	30295	rev[pSIVgml(+)]-LTR[pSIVgml(+)]	422
Microcebus_griseorufus_24368	24368	Microcebus_griseorufus	low_coverage	Mgri_1.0	GCA_008750995.1_Mgri_1.0_genomic.fna	VSMI01222554.1	-	0	3293	3714	LTR[pSIVgml(-)]-rev[pSIVgml(-)]	422
Microcebus_griseorufus_24390	24390	Microcebus_griseorufus	low_coverage	Mgri_1.0	GCA_008750995.1_Mgri_1.0_genomic.fna	VSMI01070157.1	-	0	2997	3418	LTR[pSIVgml(-)]-rev[pSIVgml(-)]	422
Microcebus_griseorufus_24653	24653	Microcebus_griseorufus	low_coverage	Mgri_1.0	GCA_008750995.1_Mgri_1.0_genomic.fna	VSMI01257546.1	+	0	395	816	LTR[pSIVgml(+)]-rev[pSIVgml(+)]	422
Microcebus_griseorufus_24669	24669	Microcebus_griseorufus	low_coverage	Mgri_1.0	GCA_008750995.1_Mgri_1.0_genomic.fna	VSMI01202246.1	-	0	8366	8787	LTR[pSIVgml(-)]-rev[pSIVgml(-)]	422
Microcebus_griseorufus_24763	24763	Microcebus_griseorufus	low_coverage	Mgri_1.0	GCA_008750995.1_Mgri_1.0_genomic.fna	VSMI01422719.1	-	0	14229	14650	LTR[pSIVgml(-)]-rev[pSIVgml(-)]	422
Microcebus_griseorufus_24469	24469	Microcebus_griseorufus	low_coverage	Mgri_1.0	GCA_008750995.1_Mgri_1.0_genomic.fna	VSMI01086649.1	-	0	32080	32502	LTR[pSIVgml(-)]-rev[pSIVgml(-)]	423
Microcebus_griseorufus_24020	24020	Microcebus_griseorufus	low_coverage	Mgri_1.0	GCA_008750995.1_Mgri_1.0_genomic.fna	VSMI01433890.1	-	0	28145	28571	LTR[pSIVgml(-)]-rev[pSIVgml(-)]	427
Microcebus_griseorufus_24016	24016	Microcebus_griseorufus	low_coverage	Mgri_1.0	GCA_008750995.1_Mgri_1.0_genomic.fna	VSMI01347163.1	-	0	919	1346	LTR[pSIVgml(-)]-rev[pSIVgml(-)]	428
Microcebus_griseorufus_24476	24476	Microcebus_griseorufus	low_coverage	Mgri_1.0	GCA_008750995.1_Mgri_1.0_genomic.fna	VSMI01016508.1	+	0	8431	10100	LTR[pSIVgml(+)]-rev[pSIVgml(+)]-gag[pSIVgml(+)]	1670
Microcebus_griseorufus_24140	24140	Microcebus_griseorufus	low_coverage	Mgri_1.0	GCA_008750995.1_Mgri_1.0_genomic.fna	VSMI01178616.1	+	0	3	6480	pol[pSIVgml(+)]-LTR[pSIVgml(+)]	6478
Microcebus_mittermeieri_24050	24050	Microcebus_mittermeieri	low_coverage	Mmit_1.0	GCA_008750955.1_Mmit_1.0_genomic.fna	VSMH01158022.1	-	0	967	1367	LTR[pSIVgml(-)]-rev[pSIVgml(-)]	401
Microcebus_mittermeieri_24377	24377	Microcebus_mittermeieri	low_coverage	Mmit_1.0	GCA_008750955.1_Mmit_1.0_genomic.fna	VSMH01510833.1	-	0	4295	4705	LTR[pSIVgml(-)]-rev[pSIVgml(-)]	411
Microcebus_mittermeieri_24027	24027	Microcebus_mittermeieri	low_coverage	Mmit_1.0	GCA_008750955.1_Mmit_1.0_genomic.fna	VSMH01020143.1	-	0	6642	7057	LTR[pSIVgml(-)]-rev[pSIVgml(-)]	416
Microcebus_mittermeieri_24066	24066	Microcebus_mittermeieri	low_coverage	Mmit_1.0	GCA_008750955.1_Mmit_1.0_genomic.fna	VSMH01266826.1	+	0	2291	2710	LTR[pSIVgml(+)]-rev[pSIVgml(+)]	420
Microcebus_mittermeieri_24233	24233	Microcebus_mittermeieri	low_coverage	Mmit_1.0	GCA_008750955.1_Mmit_1.0_genomic.fna	VSMH01413430.1	-	0	2022	2441	LTR[pSIVgml(-)]-rev[pSIVgml(-)]	420
Microcebus_mittermeieri_24703	24703	Microcebus_mittermeieri	low_coverage	Mmit_1.0	GCA_008750955.1_Mmit_1.0_genomic.fna	VSMH01410802.1	-	0	1612	2031	LTR[pSIVgml(-)]-rev[pSIVgml(-)]	420
Microcebus_mittermeieri_24389	24389	Microcebus_mittermeieri	low_coverage	Mmit_1.0	GCA_008750955.1_Mmit_1.0_genomic.fna	VSMH01504059.1	-	0	37162	37582	LTR[pSIVgml(-)]-rev[pSIVgml(-)]	421
Microcebus_mittermeieri_24180	24180	Microcebus_mittermeieri	low_coverage	Mmit_1.0	GCA_008750955.1_Mmit_1.0_genomic.fna	VSMH01087423.1	-	0	26774	27195	LTR[pSIVgml(-)]-rev[pSIVgml(-)]	422
Microcebus_mittermeieri_24194	24194	Microcebus_mittermeieri	low_coverage	Mmit_1.0	GCA_008750955.1_Mmit_1.0_genomic.fna	VSMH01024043.1	+	0	7916	8337	LTR[pSIVgml(+)]-rev[pSIVgml(+)]	422
Microcebus_mittermeieri_24696	24696	Microcebus_mittermeieri	low_coverage	Mmit_1.0	GCA_008750955.1_Mmit_1.0_genomic.fna	VSMH01122924.1	-	0	392	813	LTR[pSIVgml(-)]-rev[pSIVgml(-)]	422
Microcebus_mittermeieri_24459	24459	Microcebus_mittermeieri	low_coverage	Mmit_1.0	GCA_008750955.1_Mmit_1.0_genomic.fna	VSMH01231222.1	+	0	8421	8843	rev[pSIVgml(+)]-LTR[pSIVgml(+)]	423
Microcebus_mittermeieri_24641	24641	Microcebus_mittermeieri	low_coverage	Mmit_1.0	GCA_008750955.1_Mmit_1.0_genomic.fna	VSMH01167361.1	-	0	25481	25903	LTR[pSIVgml(-)]-rev[pSIVgml(-)]	423
Microcebus_mittermeieri_24645	24645	Microcebus_mittermeieri	low_coverage	Mmit_1.0	GCA_008750955.1_Mmit_1.0_genomic.fna	VSMH01214626.1	+	0	56296	56718	LTR[pSIVgml(+)]-rev[pSIVgml(+)]	423
Microcebus_mittermeieri_24087	24087	Microcebus_mittermeieri	low_coverage	Mmit_1.0	GCA_008750955.1_Mmit_1.0_genomic.fna	VSMH01157547.1	-	0	22188	22614	LTR[pSIVgml(-)]-rev[pSIVgml(-)]	427
Microcebus_mittermeieri_24085	24085	Microcebus_mittermeieri	low_coverage	Mmit_1.0	GCA_008750955.1_Mmit_1.0_genomic.fna	VSMH01345205.1	-	0	16823	17972	LTR[pSIVgml(-)]-env[pSIVgml(-)]	1150
Microcebus_murinus_24349	24349	Microcebus_murinus	low_coverage	goldenpath_micMur1	micMur1.fa_4.fa	scaffold_8910	+	0	53904	54316	LTR[pSIVgml(+)]-rev[pSIVgml(+)]	413
Microcebus_murinus_24169	24169	Microcebus_murinus	low_coverage	goldenpath_micMur1	micMur1.fa_6.fa	scaffold_45530	+	0	2736	3155	LTR[pSIVgml(+)]-rev[pSIVgml(+)]	420
Microcebus_murinus_24278	24278	Microcebus_murinus	low_coverage	goldenpath_micMur1	micMur1.fa_2.fa	scaffold_1644	-	0	25943	26362	LTR[pSIVgml(-)]-rev[pSIVgml(-)]	420
Microcebus_murinus_24774	24774	Microcebus_murinus	low_coverage	goldenpath_micMur1	micMur1.fa_4.fa	scaffold_11115	-	0	4081	4502	LTR[pSIVgml(-)]-rev[pSIVgml(-)]	422
Microcebus_murinus_24252	24252	Microcebus_murinus	low_coverage	goldenpath_micMur1	micMur1.fa_5.fa	scaffold_33974	+	0	7895	8317	LTR[pSIVgml(+)]-rev[pSIVgml(+)]	423
Microcebus_murinus_24719	24719	Microcebus_murinus	low_coverage	goldenpath_micMur1	micMur1.fa_4.fa	scaffold_6426	+	0	99547	100418	env[pSIVgml(+)]-LTR[pSIVgml(+)]	872
Microcebus_murinus_24159	24159	Microcebus_murinus	low_coverage	goldenpath_micMur1	micMur1.fa_6.fa	scaffold_54450	-	0	9	2008	gag[pSIVgml(-)]-LTR[pSIVgml(-)]-rev[pSIVgml(-)]	2000
Microcebus_murinus_24102	24102	Microcebus_murinus	low_coverage	goldenpath_micMur1	micMur1.fa_5.fa	scaffold_33011	+	0	5773	10193	LTR[pSIVgml(+)]-rev[pSIVgml(+)]-pol[pSIVgml(+)]	4421
Microcebus_ravelobensis_24526	24526	Microcebus_ravelobensis	low_coverage	Mrav_1.0	GCA_008750975.1_Mrav_1.0_genomic.fna	VSMG01149221.1	-	0	693	1103	LTR[pSIVgml(-)]-rev[pSIVgml(-)]	411
Microcebus_ravelobensis_24337	24337	Microcebus_ravelobensis	low_coverage	Mrav_1.0	GCA_008750975.1_Mrav_1.0_genomic.fna	VSMG01038107.1	-	0	3576	3990	LTR[pSIVgml(-)]-rev[pSIVgml(-)]	415
Microcebus_ravelobensis_24031	24031	Microcebus_ravelobensis	low_coverage	Mrav_1.0	GCA_008750975.1_Mrav_1.0_genomic.fna	VSMG01137681.1	-	0	3340	3759	LTR[pSIVgml(-)]-rev[pSIVgml(-)]	420
Microcebus_ravelobensis_24360	24360	Microcebus_ravelobensis	low_coverage	Mrav_1.0	GCA_008750975.1_Mrav_1.0_genomic.fna	VSMG01121251.1	+	0	5823	6242	LTR[pSIVgml(+)]-rev[pSIVgml(+)]	420
Microcebus_ravelobensis_24515	24515	Microcebus_ravelobensis	low_coverage	Mrav_1.0	GCA_008750975.1_Mrav_1.0_genomic.fna	VSMG01085043.1	+	0	1344	1763	LTR[pSIVgml(+)]-rev[pSIVgml(+)]	420
Microcebus_ravelobensis_24748	24748	Microcebus_ravelobensis	low_coverage	Mrav_1.0	GCA_008750975.1_Mrav_1.0_genomic.fna	VSMG01183847.1	+	0	7112	7531	LTR[pSIVgml(+)]-rev[pSIVgml(+)]	420
Microcebus_ravelobensis_24186	24186	Microcebus_ravelobensis	low_coverage	Mrav_1.0	GCA_008750975.1_Mrav_1.0_genomic.fna	VSMG01063232.1	-	0	23907	24327	LTR[pSIVgml(-)]-rev[pSIVgml(-)]	421
Microcebus_ravelobensis_24250	24250	Microcebus_ravelobensis	low_coverage	Mrav_1.0	GCA_008750975.1_Mrav_1.0_genomic.fna	VSMG01132399.1	+	0	1524	1944	LTR[pSIVgml(+)]-rev[pSIVgml(+)]	421
Microcebus_ravelobensis_24609	24609	Microcebus_ravelobensis	low_coverage	Mrav_1.0	GCA_008750975.1_Mrav_1.0_genomic.fna	VSMG01278226.1	-	0	5757	6177	LTR[pSIVgml(-)]-rev[pSIVgml(-)]	421
Microcebus_ravelobensis_24054	24054	Microcebus_ravelobensis	low_coverage	Mrav_1.0	GCA_008750975.1_Mrav_1.0_genomic.fna	VSMG01226122.1	-	0	2243	2664	LTR[pSIVgml(-)]-rev[pSIVgml(-)]	422
Microcebus_ravelobensis_24427	24427	Microcebus_ravelobensis	low_coverage	Mrav_1.0	GCA_008750975.1_Mrav_1.0_genomic.fna	VSMG01129473.1	-	0	2257	2678	LTR[pSIVgml(-)]-rev[pSIVgml(-)]	422
Microcebus_ravelobensis_24509	24509	Microcebus_ravelobensis	low_coverage	Mrav_1.0	GCA_008750975.1_Mrav_1.0_genomic.fna	VSMG01000320.1	-	0	12049	12470	LTR[pSIVgml(-)]-rev[pSIVgml(-)]	422
Microcebus_ravelobensis_24393	24393	Microcebus_ravelobensis	low_coverage	Mrav_1.0	GCA_008750975.1_Mrav_1.0_genomic.fna	VSMG01199660.1	-	0	2656	3082	LTR[pSIVgml(-)]-rev[pSIVgml(-)]	427
Microcebus_ravelobensis_24585	24585	Microcebus_ravelobensis	low_coverage	Mrav_1.0	GCA_008750975.1_Mrav_1.0_genomic.fna	VSMG01242316.1	-	0	31024	31465	LTR[pSIVgml(-)]-rev[pSIVgml(-)]	442
Microcebus_ravelobensis_24420	24420	Microcebus_ravelobensis	low_coverage	Mrav_1.0	GCA_008750975.1_Mrav_1.0_genomic.fna	VSMG01058654.1	+	0	26925	27425	LTR[pSIVgml(+)]-rev[pSIVgml(+)]-rev[pSIVgml(+)]	501
Microcebus_tavaratra_24529	24529	Microcebus_tavaratra	low_coverage	Mtav_1.0	GCA_008750935.1_Mtav_1.0_genomic.fna	VSME01150182.1	+	0	13988	14387	LTR[pSIVgml(+)]-rev[pSIVgml(+)]	400
Microcebus_tavaratra_24012	24012	Microcebus_tavaratra	low_coverage	Mtav_1.0	GCA_008750935.1_Mtav_1.0_genomic.fna	VSME01074799.1	-	0	25442	25843	LTR[pSIVgml(-)]-rev[pSIVgml(-)]	402
Microcebus_tavaratra_24044	24044	Microcebus_tavaratra	low_coverage	Mtav_1.0	GCA_008750935.1_Mtav_1.0_genomic.fna	VSME01102948.1	+	0	299	700	LTR[pSIVgml(+)]-rev[pSIVgml(+)]	402
Microcebus_tavaratra_24342	24342	Microcebus_tavaratra	low_coverage	Mtav_1.0	GCA_008750935.1_Mtav_1.0_genomic.fna	VSME01041970.1	-	0	27423	27824	LTR[pSIVgml(-)]-rev[pSIVgml(-)]	402
Microcebus_tavaratra_24551	24551	Microcebus_tavaratra	low_coverage	Mtav_1.0	GCA_008750935.1_Mtav_1.0_genomic.fna	VSME01308082.1	-	0	22040	22443	LTR[pSIVgml(-)]-rev[pSIVgml(-)]	404
Microcebus_tavaratra_24072	24072	Microcebus_tavaratra	low_coverage	Mtav_1.0	GCA_008750935.1_Mtav_1.0_genomic.fna	VSME01090872.1	-	0	46519	46937	LTR[pSIVgml(-)]-rev[pSIVgml(-)]	419
Microcebus_tavaratra_24125	24125	Microcebus_tavaratra	low_coverage	Mtav_1.0	GCA_008750935.1_Mtav_1.0_genomic.fna	VSME01225038.1	-	0	4530	4949	LTR[pSIVgml(-)]-rev[pSIVgml(-)]	420
Microcebus_tavaratra_24455	24455	Microcebus_tavaratra	low_coverage	Mtav_1.0	GCA_008750935.1_Mtav_1.0_genomic.fna	VSME01094214.1	+	0	43449	43868	LTR[pSIVgml(+)]-rev[pSIVgml(+)]	420
Microcebus_tavaratra_24700	24700	Microcebus_tavaratra	low_coverage	Mtav_1.0	GCA_008750935.1_Mtav_1.0_genomic.fna	VSME01100441.1	-	0	41555	41974	LTR[pSIVgml(-)]-rev[pSIVgml(-)]	420
Microcebus_tavaratra_24428	24428	Microcebus_tavaratra	low_coverage	Mtav_1.0	GCA_008750935.1_Mtav_1.0_genomic.fna	VSME01081323.1	+	0	43568	43988	LTR[pSIVgml(+)]-rev[pSIVgml(+)]	421
Microcebus_tavaratra_24326	24326	Microcebus_tavaratra	low_coverage	Mtav_1.0	GCA_008750935.1_Mtav_1.0_genomic.fna	VSME01029923.1	-	0	2540	2961	LTR[pSIVgml(-)]-rev[pSIVgml(-)]	422
Microcebus_tavaratra_24490	24490	Microcebus_tavaratra	low_coverage	Mtav_1.0	GCA_008750935.1_Mtav_1.0_genomic.fna	VSME01154225.1	+	0	11077	11498	LTR[pSIVgml(+)]-rev[pSIVgml(+)]	422
Microcebus_tavaratra_24670	24670	Microcebus_tavaratra	low_coverage	Mtav_1.0	GCA_008750935.1_Mtav_1.0_genomic.fna	VSME01083276.1	-	0	7046	7467	LTR[pSIVgml(-)]-rev[pSIVgml(-)]	422
Microcebus_tavaratra_24106	24106	Microcebus_tavaratra	low_coverage	Mtav_1.0	GCA_008750935.1_Mtav_1.0_genomic.fna	VSME01048171.1	+	0	23204	23626	LTR[pSIVgml(+)]-rev[pSIVgml(+)]	423
Microcebus_tavaratra_24276	24276	Microcebus_tavaratra	low_coverage	Mtav_1.0	GCA_008750935.1_Mtav_1.0_genomic.fna	VSME01268938.1	-	0	5668	6090	LTR[pSIVgml(-)]-rev[pSIVgml(-)]	423
Microcebus_tavaratra_24671	24671	Microcebus_tavaratra	low_coverage	Mtav_1.0	GCA_008750935.1_Mtav_1.0_genomic.fna	VSME01234899.1	+	0	8835	9261	rev[pSIVgml(+)]-LTR[pSIVgml(+)]	427
Microcebus_tavaratra_24479	24479	Microcebus_tavaratra	low_coverage	Mtav_1.0	GCA_008750935.1_Mtav_1.0_genomic.fna	VSME01059698.1	+	0	66318	69611	LTR[pSIVgml(+)]-rev[pSIVgml(+)]-pol[pSIVgml(+)]-pol[pSIVgml(+)]	3294
Microcebus_tavaratra_24785	24785	Microcebus_tavaratra	low_coverage	Mtav_1.0	GCA_008750935.1_Mtav_1.0_genomic.fna	VSME01228323.1	+	0	651	4812	env[pSIVgml(+)]-LTR[pSIVgml(+)]-rev[pSIVgml(+)]	4162
Mustela_erminea_24376	24376	Mustela_erminea	low_coverage	mMusErm1	GCA_009829165.1_mMusErm1.alt_genomic.fna	WNLZ01002943.1	-	0	1236369	1236848	LTR[MELVmpf(-)]	480
Mustela_erminea_24200	24200	Mustela_erminea	low_coverage	mMusErm1	GCA_009829165.1_mMusErm1.alt_genomic.fna	WNLZ01002847.1	-	0	385068	385598	LTR[MELVmpf(-)]	531
Mustela_erminea_24041	24041	Mustela_erminea	low_coverage	mMusErm1	GCA_009829165.1_mMusErm1.alt_genomic.fna	WNLZ01002928.1	+	0	3575	4108	LTR[MELVmpf(+)]	534
Mustela_erminea_24781	24781	Mustela_erminea	low_coverage	mMusErm1	GCA_009829165.1_mMusErm1.alt_genomic.fna	WNLZ01002554.1	-	0	725086	725663	LTR[MELVmpf(-)]	578
Mustela_erminea_24473	24473	Mustela_erminea	low_coverage	mMusErm1	GCA_009829165.1_mMusErm1.alt_genomic.fna	WNLZ01001134.1	+	0	897252	897832	LTR[MELVmpf(+)]	581
Mustela_erminea_24665	24665	Mustela_erminea	low_coverage	mMusErm1	GCA_009829165.1_mMusErm1.alt_genomic.fna	WNLZ01002399.1	+	0	157053	157635	LTR[MELVmpf(+)]	583
Mustela_erminea_24268	24268	Mustela_erminea	low_coverage	mMusErm1	GCA_009829165.1_mMusErm1.alt_genomic.fna	WNLZ01000255.1	-	0	34650	35233	LTR[MELVmpf(-)]	584
Mustela_erminea_24146	24146	Mustela_erminea	low_coverage	mMusErm1	GCA_009829165.1_mMusErm1.alt_genomic.fna	WNLZ01001493.1	-	0	1185604	1186189	LTR[MELVmpf(-)]	586
Mustela_erminea_24083	24083	Mustela_erminea	low_coverage	mMusErm1	GCA_009829165.1_mMusErm1.alt_genomic.fna	WNLZ01002575.1	-	0	833463	834803	LTR[MELVmpf(-)]	1341
Mustela_erminea_24577	24577	Mustela_erminea	low_coverage	mMusErm1	GCA_009829165.1_mMusErm1.alt_genomic.fna	WNLZ01002198.1	+	0	158608	161614	LTR[MELVmpf(+)]-pol[MELVmpf(+)]	3007
Mustela_erminea_24275	24275	Mustela_erminea	low_coverage	mMusErm1	GCA_009829165.1_mMusErm1.alt_genomic.fna	WNLZ01002965.1	-	0	120157	124447	LTR[MELVmpf(-)]-env[MELVmpf(-)]-vif[MELVmpf(-)]-pol[MELVmpf(-)]	4291
Mustela_erminea_24445	24445	Mustela_erminea	low_coverage	mMusErm1	GCA_009829165.1_mMusErm1.alt_genomic.fna	WNLZ01003095.1	+	0	2	4371	pol[MELVmpf(+)]-LTR[MELVmpf(-)]-env[MELVmpf(-)]-env[MELVmpf(+)]-LTR[MELVmpf(+)]	4370
Mustela_erminea_24418	24418	Mustela_erminea	low_coverage	mMusErm1	GCA_009829165.1_mMusErm1.alt_genomic.fna	WNLZ01000221.1	-	0	488569	497460	LEA[MELVmpf(-)]-LTR[MELVmpf(-)]-env[MELVmpf(-)]-gag[MELVmpf(-)]-LEA[MELVmpf(-)]-LTR[MELVmpf(-)]	8892
Mustela_erminea_24716	24716	Mustela_erminea	low_coverage	mMusErm1	GCA_009829165.1_mMusErm1.alt_genomic.fna	WNLZ01000603.1	-	0	342605	354438	LTR[MELVmpf(+)]-pol[MELVmpf(+)]-env[MELVmpf(+)]-pol[MELVmpf(-)]-LTR[MELVmpf(-)]	11834
Mustela_putorius_furo_24298	24298	Mustela_putorius_furo	low_coverage	goldenpath_musFur1	musFur1.fa	GL896938	-	0	6366920	6367393	LTR[MELVmpf(-)]	474
Mustela_putorius_furo_24153	24153	Mustela_putorius_furo	low_coverage	goldenpath_musFur1	musFur1.fa	GL896920	-	0	515314	515795	LTR[MELVmpf(-)]	482
Mustela_putorius_furo_24613	24613	Mustela_putorius_furo	low_coverage	goldenpath_musFur1	musFur1.fa	GL897071	-	0	867147	867660	LTR[MELVmpf(-)]	514
Mustela_putorius_furo_24556	24556	Mustela_putorius_furo	low_coverage	goldenpath_musFur1	musFur1.fa	GL896919	-	0	9418233	9418762	LTR[MELVmpf(-)]	530
Mustela_putorius_furo_24082	24082	Mustela_putorius_furo	low_coverage	goldenpath_musFur1	musFur1.fa	GL896943	+	0	3235585	3236115	LTR[MELVmpf(+)]	531
Mustela_putorius_furo_24570	24570	Mustela_putorius_furo	low_coverage	goldenpath_musFur1	musFur1.fa	GL896898	-	0	48134785	48135318	LTR[MELVmpf(-)]	534
Mustela_putorius_furo_24416	24416	Mustela_putorius_furo	low_coverage	goldenpath_musFur1	musFur1.fa	GL896918	+	0	7998878	7999447	LTR[MELVmpf(+)]	570
Mustela_putorius_furo_24706	24706	Mustela_putorius_furo	low_coverage	goldenpath_musFur1	musFur1.fa	GL896901	-	0	24506474	24507043	LTR[MELVmpf(-)]	570
Mustela_putorius_furo_24265	24265	Mustela_putorius_furo	low_coverage	goldenpath_musFur1	musFur1.fa	GL897056	+	0	3436739	3437321	LTR[MELVmpf(+)]	583
Mustela_putorius_furo_24761	24761	Mustela_putorius_furo	low_coverage	goldenpath_musFur1	musFur1.fa	GL896950	-	0	2508888	2509470	LTR[MELVmpf(-)]	583
Mustela_putorius_furo_24702	24702	Mustela_putorius_furo	low_coverage	goldenpath_musFur1	musFur1.fa	GL896924	-	0	12535923	12536508	LTR[MELVmpf(-)]	586
Mustela_putorius_furo_24257	24257	Mustela_putorius_furo	low_coverage	goldenpath_musFur1	musFur1.fa	AEYP01113944	+	0	1	1359	LEA[MELVmpf(+)]-gag[MELVmpf(+)]	1359
Mustela_putorius_furo_24446	24446	Mustela_putorius_furo	low_coverage	goldenpath_musFur1	musFur1.fa	AEYP01111284	+	0	539	3760	LTR[MELVmpf(+)]-gag[MELVmpf(+)]	3222
Mustela_putorius_furo_24290	24290	Mustela_putorius_furo	low_coverage	goldenpath_musFur1	musFur1.fa	GL896902	-	0	12412676	12417516	LTR[MELVmpf(+)]-pol[MELVmpf(+)]-LTR[MELVmpf(-)]	4841
Mustela_putorius_furo_24244	24244	Mustela_putorius_furo	low_coverage	goldenpath_musFur1	musFur1.fa	GL897027	-	0	5167323	5172429	LTR[MELVmpf(-)]-env[MELVmpf(-)]-vif[MELVmpf(-)]-pol[MELVmpf(-)]-pol[MELVmpf(-)]	5107
Mustela_putorius_furo_24243	24243	Mustela_putorius_furo	low_coverage	goldenpath_musFur1	musFur1.fa	GL897225	-	0	217505	226391	LTR[MELVmpf(-)]-env[MELVmpf(-)]-env[MELVmpf(-)]-vif[MELVmpf(-)]-pol[MELVmpf(-)]-LTR[MELVmpf(-)]	8887
Mustela_putorius_furo_24485	24485	Mustela_putorius_furo	low_coverage	goldenpath_musFur1	musFur1.fa	GL896920	+	0	1236807	1246116	LTR[MELVmpf(-)]-LTR[MELVmpf(+)]-LEA[MELVmpf(+)]-pol[MELVmpf(+)]-LTR[MELVmpf(-)]-env[MELVmpf(-)]-env[MELVmpf(+)]-LTR[MELVmpf(+)]	9310
Neovison_vison_24563	24563	Neovison_vison	low_coverage	NNQGG.v01	GCA_900108605.1_NNQGG.v01_genomic.fna	FNWR01000120.1	-	0	97112	97625	LTR[MELVmpf(-)]	514
Neovison_vison_24105	24105	Neovison_vison	low_coverage	NNQGG.v01	GCA_900108605.1_NNQGG.v01_genomic.fna	FNWR01000208.1	-	0	1932183	1932707	LTR[MELVmpf(-)]	525
Neovison_vison_24483	24483	Neovison_vison	low_coverage	NNQGG.v01	GCA_900108605.1_NNQGG.v01_genomic.fna	FNWR01000825.1	-	0	87724	88253	LTR[MELVmpf(-)]	530
Neovison_vison_24369	24369	Neovison_vison	low_coverage	NNQGG.v01	GCA_900108605.1_NNQGG.v01_genomic.fna	FNWR01000802.1	+	0	3207	3786	LTR[MELVmpf(+)]	580
Neovison_vison_24206	24206	Neovison_vison	low_coverage	NNQGG.v01	GCA_900108605.1_NNQGG.v01_genomic.fna	FNWR01000285.1	+	0	842947	843527	LTR[MELVmpf(+)]	581
Neovison_vison_24319	24319	Neovison_vison	low_coverage	NNQGG.v01	GCA_900108605.1_NNQGG.v01_genomic.fna	FNWR01000739.1	-	0	119961	120553	LTR[MELVmpf(-)]	593
Neovison_vison_24498	24498	Neovison_vison	low_coverage	NNQGG.v01	GCA_900108605.1_NNQGG.v01_genomic.fna	FNWR01000502.1	-	0	630349	631371	gag[MELVmpf(-)]-LTR[MELVmpf(-)]	1023
Neovison_vison_24643	24643	Neovison_vison	low_coverage	NNQGG.v01	GCA_900108605.1_NNQGG.v01_genomic.fna	FNWR01000040.1	+	0	8808715	8810303	env[MELVmpf(+)]-LTR[MELVmpf(+)]	1589
Neovison_vison_24527	24527	Neovison_vison	low_coverage	NNQGG.v01	GCA_900108605.1_NNQGG.v01_genomic.fna	FNWR01000502.1	-	0	623296	625172	pol[MELVmpf(-)]	1877
Neovison_vison_24221	24221	Neovison_vison	low_coverage	NNQGG.v01	GCA_900108605.1_NNQGG.v01_genomic.fna	FNWR01000040.1	+	0	8800788	8804707	LTR[MELVmpf(+)]-gag[MELVmpf(+)]-gag[MELVmpf(+)]-env[MELVmpf(+)]	3920
Neovison_vison_24149	24149	Neovison_vison	low_coverage	NNQGG.v01	GCA_900108605.1_NNQGG.v01_genomic.fna	FNWR01000348.1	-	0	132236	137903	LTR[MELVmpf(-)]-env[MELVmpf(-)]-env[MELVmpf(-)]-vif[MELVmpf(-)]-vif[MELVmpf(-)]-pol[MELVmpf(-)]-LTR[MELVmpf(-)]	5668
Neovison_vison_24228	24228	Neovison_vison	low_coverage	NNQGG.v01	GCA_900108605.1_NNQGG.v01_genomic.fna	FNWR01000254.1	+	0	1512815	1518852	LTR[MELVmpf(+)]-pol[MELVmpf(+)]-env[MELVmpf(-)]-env[MELVmpf(+)]	6038
Neovison_vison_24099	24099	Neovison_vison	low_coverage	NNQGG.v01	GCA_900108605.1_NNQGG.v01_genomic.fna	FNWR01001227.1	+	0	3855	12312	LTR[MELVmpf(+)]-pol[MELVmpf(+)]-env[MELVmpf(+)]-LTR[MELVmpf(+)]-LTR[MELVmpf(+)]	8458
Oryctolagus_cuniculus_24587	24587	Oryctolagus_cuniculus	complete	goldenpath_oryCun2	oryCun2.fa	chr17	-	0	4595285	4595684	LTR[RELIK(-)]	400
Oryctolagus_cuniculus_24215	24215	Oryctolagus_cuniculus	complete	goldenpath_oryCun2	oryCun2.fa	chrUn0129	-	0	739606	740010	LTR[RELIK(-)]	405
Oryctolagus_cuniculus_24583	24583	Oryctolagus_cuniculus	complete	goldenpath_oryCun2	oryCun2.fa	chr7	+	0	6351350	6351754	LTR[RELIK(+)]	405
Oryctolagus_cuniculus_24793	24793	Oryctolagus_cuniculus	complete	goldenpath_oryCun2	oryCun2.fa	chr14	+	0	132569442	132569849	LTR[RELIK(+)]	408
Oryctolagus_cuniculus_24029	24029	Oryctolagus_cuniculus	complete	goldenpath_oryCun2	oryCun2.fa	chr11	+	0	76415088	76415501	LTR[RELIK(+)]	414
Oryctolagus_cuniculus_24592	24592	Oryctolagus_cuniculus	complete	goldenpath_oryCun2	oryCun2.fa	chr11	+	0	30217058	30217471	LTR[RELIK(+)]	414
Oryctolagus_cuniculus_24434	24434	Oryctolagus_cuniculus	complete	goldenpath_oryCun2	oryCun2.fa	chr15	+	0	108397696	108398110	LTR[RELIK(+)]	415
Oryctolagus_cuniculus_24412	24412	Oryctolagus_cuniculus	complete	goldenpath_oryCun2	oryCun2.fa	chr2	+	0	21559752	21560167	LTR[RELIK(+)]	416
Oryctolagus_cuniculus_24065	24065	Oryctolagus_cuniculus	complete	goldenpath_oryCun2	oryCun2.fa	chr3	+	0	42646851	42647267	LTR[RELIK(+)]	417
Oryctolagus_cuniculus_24115	24115	Oryctolagus_cuniculus	complete	goldenpath_oryCun2	oryCun2.fa	chr2	-	0	110431942	110432359	LTR[RELIK(-)]	418
Oryctolagus_cuniculus_24305	24305	Oryctolagus_cuniculus	complete	goldenpath_oryCun2	oryCun2.fa	chrUn0010	-	0	882978	883395	LTR[RELIK(-)]	418
Oryctolagus_cuniculus_24443	24443	Oryctolagus_cuniculus	complete	goldenpath_oryCun2	oryCun2.fa	chr2	-	0	103537028	103537445	LTR[RELIK(-)]	418
Oryctolagus_cuniculus_24075	24075	Oryctolagus_cuniculus	complete	goldenpath_oryCun2	oryCun2.fa	chr7	-	0	133947481	133947901	LTR[RELIK(-)]	421
Oryctolagus_cuniculus_24254	24254	Oryctolagus_cuniculus	complete	goldenpath_oryCun2	oryCun2.fa	chr19	+	0	43221514	43221934	LTR[RELIK(+)]	421
Oryctolagus_cuniculus_24073	24073	Oryctolagus_cuniculus	complete	goldenpath_oryCun2	oryCun2.fa	chrUn0007	-	0	2402437	2402862	LTR[RELIK(-)]	426
Oryctolagus_cuniculus_24226	24226	Oryctolagus_cuniculus	complete	goldenpath_oryCun2	oryCun2.fa	chr13	-	0	67002381	67002810	LTR[RELIK(-)]	430
Oryctolagus_cuniculus_24654	24654	Oryctolagus_cuniculus	complete	goldenpath_oryCun2	oryCun2.fa	chr1	+	0	108334458	108334890	LTR[RELIK(+)]	433
Oryctolagus_cuniculus_24293	24293	Oryctolagus_cuniculus	complete	goldenpath_oryCun2	oryCun2.fa	chr16	-	0	82149059	82149493	LTR[RELIK(-)]	435
Oryctolagus_cuniculus_24103	24103	Oryctolagus_cuniculus	complete	goldenpath_oryCun2	oryCun2.fa	chr14	+	0	61368192	61368628	LTR[RELIK(+)]	437
Oryctolagus_cuniculus_24222	24222	Oryctolagus_cuniculus	complete	goldenpath_oryCun2	oryCun2.fa	chr1	-	0	42845260	42845698	LTR[RELIK(-)]	439
Oryctolagus_cuniculus_24378	24378	Oryctolagus_cuniculus	complete	goldenpath_oryCun2	oryCun2.fa	chr5	+	0	31385814	31386252	LTR[RELIK(+)]	439
Oryctolagus_cuniculus_24462	24462	Oryctolagus_cuniculus	complete	goldenpath_oryCun2	oryCun2.fa	chrX	+	0	38290809	38291250	LTR[RELIK(+)]	442
Oryctolagus_cuniculus_24234	24234	Oryctolagus_cuniculus	complete	goldenpath_oryCun2	oryCun2.fa	chr14	-	0	70800100	70800542	LTR[RELIK(-)]	443
Oryctolagus_cuniculus_24752	24752	Oryctolagus_cuniculus	complete	goldenpath_oryCun2	oryCun2.fa	chr19	-	0	33154629	33155071	LTR[RELIK(-)]	443
Oryctolagus_cuniculus_24729	24729	Oryctolagus_cuniculus	complete	goldenpath_oryCun2	oryCun2.fa	chr17	-	0	60578556	60579000	LTR[RELIK(-)]	445
Oryctolagus_cuniculus_24021	24021	Oryctolagus_cuniculus	complete	goldenpath_oryCun2	oryCun2.fa	chrUn0135	-	0	514503	514950	LTR[RELIK(-)]	448
Oryctolagus_cuniculus_24208	24208	Oryctolagus_cuniculus	complete	goldenpath_oryCun2	oryCun2.fa	chr7	-	0	150030425	150030873	LTR[RELIK(-)]	449
Oryctolagus_cuniculus_24374	24374	Oryctolagus_cuniculus	complete	goldenpath_oryCun2	oryCun2.fa	chr1	+	0	188561526	188561974	LTR[RELIK(+)]	449
Oryctolagus_cuniculus_24049	24049	Oryctolagus_cuniculus	complete	goldenpath_oryCun2	oryCun2.fa	chr14	+	0	60530568	60531017	LTR[RELIK(+)]	450
Oryctolagus_cuniculus_24063	24063	Oryctolagus_cuniculus	complete	goldenpath_oryCun2	oryCun2.fa	chrUn0016	-	0	2462372	2462821	LTR[RELIK(-)]	450
Oryctolagus_cuniculus_24281	24281	Oryctolagus_cuniculus	complete	goldenpath_oryCun2	oryCun2.fa	chr18	+	0	54034267	54034716	LTR[RELIK(+)]	450
Oryctolagus_cuniculus_24304	24304	Oryctolagus_cuniculus	complete	goldenpath_oryCun2	oryCun2.fa	chr3	+	0	151004571	151005020	LTR[RELIK(+)]	450
Oryctolagus_cuniculus_24590	24590	Oryctolagus_cuniculus	complete	goldenpath_oryCun2	oryCun2.fa	chrX	+	0	27643022	27643471	LTR[RELIK(+)]	450
Oryctolagus_cuniculus_24620	24620	Oryctolagus_cuniculus	complete	goldenpath_oryCun2	oryCun2.fa	chrUn0178	-	0	256349	256798	LTR[RELIK(-)]	450
Oryctolagus_cuniculus_24674	24674	Oryctolagus_cuniculus	complete	goldenpath_oryCun2	oryCun2.fa	chr12	-	0	118691364	118691813	LTR[RELIK(-)]	450
Oryctolagus_cuniculus_24737	24737	Oryctolagus_cuniculus	complete	goldenpath_oryCun2	oryCun2.fa	chr12	+	0	63879191	63879640	LTR[RELIK(+)]	450
Oryctolagus_cuniculus_24386	24386	Oryctolagus_cuniculus	complete	goldenpath_oryCun2	oryCun2.fa	chr2	-	0	23995664	23996115	LTR[RELIK(-)]	452
Oryctolagus_cuniculus_24559	24559	Oryctolagus_cuniculus	complete	goldenpath_oryCun2	oryCun2.fa	chr13	-	0	34473628	34474080	LTR[RELIK(-)]	453
Oryctolagus_cuniculus_24726	24726	Oryctolagus_cuniculus	complete	goldenpath_oryCun2	oryCun2.fa	chrUn0246	-	0	240586	241039	LTR[RELIK(-)]	454
Oryctolagus_cuniculus_24331	24331	Oryctolagus_cuniculus	complete	goldenpath_oryCun2	oryCun2.fa	chr1	+	0	182660395	182660849	LTR[RELIK(+)]	455
Oryctolagus_cuniculus_24639	24639	Oryctolagus_cuniculus	complete	goldenpath_oryCun2	oryCun2.fa	chr12	-	0	119096184	119096638	LTR[RELIK(-)]	455
Oryctolagus_cuniculus_24728	24728	Oryctolagus_cuniculus	complete	goldenpath_oryCun2	oryCun2.fa	chr7	-	0	93520741	93521195	LTR[RELIK(-)]	455
Oryctolagus_cuniculus_24404	24404	Oryctolagus_cuniculus	complete	goldenpath_oryCun2	oryCun2.fa	chr7	-	0	66090107	66090563	LTR[RELIK(-)]	457
Oryctolagus_cuniculus_24568	24568	Oryctolagus_cuniculus	complete	goldenpath_oryCun2	oryCun2.fa	chrX	+	0	55648078	55648534	LTR[RELIK(+)]	457
Oryctolagus_cuniculus_24589	24589	Oryctolagus_cuniculus	complete	goldenpath_oryCun2	oryCun2.fa	chr1	-	0	136223359	136223815	LTR[RELIK(-)]	457
Oryctolagus_cuniculus_24709	24709	Oryctolagus_cuniculus	complete	goldenpath_oryCun2	oryCun2.fa	chr8	-	0	21259533	21259989	LTR[RELIK(-)]	457
Oryctolagus_cuniculus_24717	24717	Oryctolagus_cuniculus	complete	goldenpath_oryCun2	oryCun2.fa	chrX	-	0	95838832	95839288	LTR[RELIK(-)]	457
Oryctolagus_cuniculus_24749	24749	Oryctolagus_cuniculus	complete	goldenpath_oryCun2	oryCun2.fa	chrX	-	0	54853740	54854196	LTR[RELIK(-)]	457
Oryctolagus_cuniculus_24034	24034	Oryctolagus_cuniculus	complete	goldenpath_oryCun2	oryCun2.fa	chr8	+	0	105778818	105779275	LTR[RELIK(+)]	458
Oryctolagus_cuniculus_24286	24286	Oryctolagus_cuniculus	complete	goldenpath_oryCun2	oryCun2.fa	chr2	+	0	23965881	23966338	LTR[RELIK(+)]	458
Oryctolagus_cuniculus_24417	24417	Oryctolagus_cuniculus	complete	goldenpath_oryCun2	oryCun2.fa	chr20	+	0	19089344	19089801	LTR[RELIK(+)]	458
Oryctolagus_cuniculus_24655	24655	Oryctolagus_cuniculus	complete	goldenpath_oryCun2	oryCun2.fa	chr15	-	0	86097964	86098421	LTR[RELIK(-)]	458
Oryctolagus_cuniculus_24139	24139	Oryctolagus_cuniculus	complete	goldenpath_oryCun2	oryCun2.fa	chr15	+	0	107870963	107871421	LTR[RELIK(+)]	459
Oryctolagus_cuniculus_24569	24569	Oryctolagus_cuniculus	complete	goldenpath_oryCun2	oryCun2.fa	chr9	-	0	93463600	93464058	LTR[RELIK(-)]	459
Oryctolagus_cuniculus_24778	24778	Oryctolagus_cuniculus	complete	goldenpath_oryCun2	oryCun2.fa	chr12	-	0	38491854	38492312	LTR[RELIK(-)]	459
Oryctolagus_cuniculus_24779	24779	Oryctolagus_cuniculus	complete	goldenpath_oryCun2	oryCun2.fa	chr11	+	0	38299760	38300218	LTR[RELIK(+)]	459
Oryctolagus_cuniculus_24162	24162	Oryctolagus_cuniculus	complete	goldenpath_oryCun2	oryCun2.fa	chr11	+	0	79396011	79396470	LTR[RELIK(+)]	460
Oryctolagus_cuniculus_24346	24346	Oryctolagus_cuniculus	complete	goldenpath_oryCun2	oryCun2.fa	chr15	-	0	85177238	85177697	LTR[RELIK(-)]	460
Oryctolagus_cuniculus_24549	24549	Oryctolagus_cuniculus	complete	goldenpath_oryCun2	oryCun2.fa	chr13	-	0	85180815	85181275	LTR[RELIK(-)]	461
Oryctolagus_cuniculus_24753	24753	Oryctolagus_cuniculus	complete	goldenpath_oryCun2	oryCun2.fa	chrX	-	0	74498663	74499123	LTR[RELIK(-)]	461
Oryctolagus_cuniculus_24764	24764	Oryctolagus_cuniculus	complete	goldenpath_oryCun2	oryCun2.fa	chr9	+	0	113102563	113103023	LTR[RELIK(+)]	461
Oryctolagus_cuniculus_24531	24531	Oryctolagus_cuniculus	complete	goldenpath_oryCun2	oryCun2.fa	chr14	-	0	160173105	160173566	LTR[RELIK(-)]	462
Oryctolagus_cuniculus_24722	24722	Oryctolagus_cuniculus	complete	goldenpath_oryCun2	oryCun2.fa	chr17	+	0	63691901	63692362	LTR[RELIK(+)]	462
Oryctolagus_cuniculus_24119	24119	Oryctolagus_cuniculus	complete	goldenpath_oryCun2	oryCun2.fa	chrUn0058	-	0	799475	799938	LTR[RELIK(-)]	464
Oryctolagus_cuniculus_24216	24216	Oryctolagus_cuniculus	complete	goldenpath_oryCun2	oryCun2.fa	chr12	-	0	108552302	108552768	LTR[RELIK(-)]	467
Oryctolagus_cuniculus_24373	24373	Oryctolagus_cuniculus	complete	goldenpath_oryCun2	oryCun2.fa	chr15	-	0	89492978	89493444	LTR[RELIK(-)]	467
Oryctolagus_cuniculus_24677	24677	Oryctolagus_cuniculus	complete	goldenpath_oryCun2	oryCun2.fa	chrUn0016	+	0	3705422	3705891	LTR[RELIK(+)]	470
Oryctolagus_cuniculus_24364	24364	Oryctolagus_cuniculus	complete	goldenpath_oryCun2	oryCun2.fa	chr14	+	0	150226249	150226724	LTR[RELIK(+)]	476
Oryctolagus_cuniculus_24167	24167	Oryctolagus_cuniculus	complete	goldenpath_oryCun2	oryCun2.fa	chrX	+	0	41736551	41737027	LTR[RELIK(+)]	477
Oryctolagus_cuniculus_24025	24025	Oryctolagus_cuniculus	complete	goldenpath_oryCun2	oryCun2.fa	chr13	+	0	44869829	44870307	LTR[RELIK(+)]	479
Oryctolagus_cuniculus_24367	24367	Oryctolagus_cuniculus	complete	goldenpath_oryCun2	oryCun2.fa	chr7	+	0	18517311	18517789	LTR[RELIK(+)]	479
Oryctolagus_cuniculus_24504	24504	Oryctolagus_cuniculus	complete	goldenpath_oryCun2	oryCun2.fa	chr2	+	0	29783056	29783538	LTR[RELIK(+)]	483
Oryctolagus_cuniculus_24363	24363	Oryctolagus_cuniculus	complete	goldenpath_oryCun2	oryCun2.fa	chr12	+	0	99285925	99286408	LTR[RELIK(+)]	484
Oryctolagus_cuniculus_24630	24630	Oryctolagus_cuniculus	complete	goldenpath_oryCun2	oryCun2.fa	chr19	+	0	5170201	5170685	LTR[RELIK(+)]	485
Oryctolagus_cuniculus_24424	24424	Oryctolagus_cuniculus	complete	goldenpath_oryCun2	oryCun2.fa	chrUn0041	+	0	671656	672144	LTR[RELIK(+)]	489
Oryctolagus_cuniculus_24538	24538	Oryctolagus_cuniculus	complete	goldenpath_oryCun2	oryCun2.fa	chr8	+	0	69881513	69882002	LTR[RELIK(+)]	490
Oryctolagus_cuniculus_24731	24731	Oryctolagus_cuniculus	complete	goldenpath_oryCun2	oryCun2.fa	chr11	-	0	43252855	43253344	LTR[RELIK(-)]	490
Oryctolagus_cuniculus_24175	24175	Oryctolagus_cuniculus	complete	goldenpath_oryCun2	oryCun2.fa	chr16	-	0	34924390	34924880	LTR[RELIK(-)]	491
Oryctolagus_cuniculus_24718	24718	Oryctolagus_cuniculus	complete	goldenpath_oryCun2	oryCun2.fa	chr11	-	0	43355638	43356128	LTR[RELIK(-)]	491
Oryctolagus_cuniculus_24060	24060	Oryctolagus_cuniculus	complete	goldenpath_oryCun2	oryCun2.fa	chr12	+	0	29879813	29880304	LTR[RELIK(+)]	492
Oryctolagus_cuniculus_24261	24261	Oryctolagus_cuniculus	complete	goldenpath_oryCun2	oryCun2.fa	chr16	-	0	19665137	19665628	LTR[RELIK(-)]	492
Oryctolagus_cuniculus_24210	24210	Oryctolagus_cuniculus	complete	goldenpath_oryCun2	oryCun2.fa	chrUn0113	-	0	728578	729071	LTR[RELIK(-)]	494
Oryctolagus_cuniculus_24659	24659	Oryctolagus_cuniculus	complete	goldenpath_oryCun2	oryCun2.fa	chrUn1697	+	0	11636	12129	LTR[RELIK(+)]	494
Oryctolagus_cuniculus_24755	24755	Oryctolagus_cuniculus	complete	goldenpath_oryCun2	oryCun2.fa	chr13	+	0	20774088	20774581	LTR[RELIK(+)]	494
Oryctolagus_cuniculus_24192	24192	Oryctolagus_cuniculus	complete	goldenpath_oryCun2	oryCun2.fa	chr18	+	0	46961476	46961970	LTR[RELIK(+)]	495
Oryctolagus_cuniculus_24522	24522	Oryctolagus_cuniculus	complete	goldenpath_oryCun2	oryCun2.fa	chr3	-	0	133435038	133435532	LTR[RELIK(-)]	495
Oryctolagus_cuniculus_24668	24668	Oryctolagus_cuniculus	complete	goldenpath_oryCun2	oryCun2.fa	chrX	+	0	20373258	20373752	LTR[RELIK(+)]	495
Oryctolagus_cuniculus_24058	24058	Oryctolagus_cuniculus	complete	goldenpath_oryCun2	oryCun2.fa	chrUn0072	-	0	604079	604574	LTR[RELIK(-)]	496
Oryctolagus_cuniculus_24429	24429	Oryctolagus_cuniculus	complete	goldenpath_oryCun2	oryCun2.fa	chr3	-	0	72687751	72688246	LTR[RELIK(-)]	496
Oryctolagus_cuniculus_24519	24519	Oryctolagus_cuniculus	complete	goldenpath_oryCun2	oryCun2.fa	chrUn0019	-	0	986400	986895	LTR[RELIK(-)]	496
Oryctolagus_cuniculus_24730	24730	Oryctolagus_cuniculus	complete	goldenpath_oryCun2	oryCun2.fa	chr18	+	0	69711232	69711727	LTR[RELIK(+)]	496
Oryctolagus_cuniculus_24733	24733	Oryctolagus_cuniculus	complete	goldenpath_oryCun2	oryCun2.fa	chr17	-	0	61877911	61878407	LTR[RELIK(-)]	497
Oryctolagus_cuniculus_24247	24247	Oryctolagus_cuniculus	complete	goldenpath_oryCun2	oryCun2.fa	chr7	+	0	166604420	166604917	LTR[RELIK(+)]	498
Oryctolagus_cuniculus_24306	24306	Oryctolagus_cuniculus	complete	goldenpath_oryCun2	oryCun2.fa	chr1	-	0	27948609	27949106	LTR[RELIK(-)]	498
Oryctolagus_cuniculus_24328	24328	Oryctolagus_cuniculus	complete	goldenpath_oryCun2	oryCun2.fa	chr16	+	0	44809739	44810238	LTR[RELIK(+)]	500
Oryctolagus_cuniculus_24095	24095	Oryctolagus_cuniculus	complete	goldenpath_oryCun2	oryCun2.fa	chr13	-	0	62266703	62267203	LTR[RELIK(-)]	501
Oryctolagus_cuniculus_24274	24274	Oryctolagus_cuniculus	complete	goldenpath_oryCun2	oryCun2.fa	chr12	+	0	91443792	91444292	LTR[RELIK(+)]	501
Oryctolagus_cuniculus_24489	24489	Oryctolagus_cuniculus	complete	goldenpath_oryCun2	oryCun2.fa	chr15	+	0	56625826	56626326	LTR[RELIK(+)]	501
Oryctolagus_cuniculus_24766	24766	Oryctolagus_cuniculus	complete	goldenpath_oryCun2	oryCun2.fa	chrUn0047	+	0	1129369	1129871	LTR[RELIK(+)]	503
Oryctolagus_cuniculus_24030	24030	Oryctolagus_cuniculus	complete	goldenpath_oryCun2	oryCun2.fa	chr1	-	0	31191453	31191958	LTR[RELIK(-)]	506
Oryctolagus_cuniculus_24249	24249	Oryctolagus_cuniculus	complete	goldenpath_oryCun2	oryCun2.fa	chrX	-	0	89466683	89467202	LTR[RELIK(-)]	520
Oryctolagus_cuniculus_24246	24246	Oryctolagus_cuniculus	complete	goldenpath_oryCun2	oryCun2.fa	chrUn0057	-	0	999622	1000156	LTR[RELIK(-)]	535
Oryctolagus_cuniculus_24710	24710	Oryctolagus_cuniculus	complete	goldenpath_oryCun2	oryCun2.fa	chrUn0180	-	0	326032	326573	LTR[RELIK(-)]	542
Oryctolagus_cuniculus_24468	24468	Oryctolagus_cuniculus	complete	goldenpath_oryCun2	oryCun2.fa	chrUn0053	+	0	1145220	1145800	LTR[RELIK(+)]-LTR[RELIK(+)]	581
Oryctolagus_cuniculus_24685	24685	Oryctolagus_cuniculus	complete	goldenpath_oryCun2	oryCun2.fa	chrUn0280	+	0	347864	348461	rev[RELIK(+)]-LTR[RELIK(+)]	598
Oryctolagus_cuniculus_24767	24767	Oryctolagus_cuniculus	complete	goldenpath_oryCun2	oryCun2.fa	chr4	+	0	84068570	84069176	LTR[RELIK(+)]-LTR[RELIK(+)]	607
Oryctolagus_cuniculus_24608	24608	Oryctolagus_cuniculus	complete	goldenpath_oryCun2	oryCun2.fa	chr14	-	0	12630773	12631475	LTR[RELIK(-)]-LTR[RELIK(-)]	703
Oryctolagus_cuniculus_24540	24540	Oryctolagus_cuniculus	complete	goldenpath_oryCun2	oryCun2.fa	chrUn0043	+	0	448102	448875	LTR[RELIK(+)]-LTR[RELIK(+)]	774
Oryctolagus_cuniculus_24297	24297	Oryctolagus_cuniculus	complete	goldenpath_oryCun2	oryCun2.fa	chr12	-	0	10135744	10136523	gag[RELIK(-)]-LTR[RELIK(-)]	780
Oryctolagus_cuniculus_24699	24699	Oryctolagus_cuniculus	complete	goldenpath_oryCun2	oryCun2.fa	chr14	-	0	56652914	56653702	LTR[RELIK(-)]-LTR[RELIK(-)]	789
Oryctolagus_cuniculus_24496	24496	Oryctolagus_cuniculus	complete	goldenpath_oryCun2	oryCun2.fa	chr7	+	0	169798221	169799037	LTR[RELIK(+)]-gag[RELIK(+)]-gag[RELIK(+)]	817
Oryctolagus_cuniculus_24478	24478	Oryctolagus_cuniculus	complete	goldenpath_oryCun2	oryCun2.fa	chrUn0054	+	0	540776	541610	gag[RELIK(+)]	835
Oryctolagus_cuniculus_24090	24090	Oryctolagus_cuniculus	complete	goldenpath_oryCun2	oryCun2.fa	chrUn0172	+	0	549593	550821	env[RELIK(+)]-rev[RELIK(+)]	1229
Oryctolagus_cuniculus_24032	24032	Oryctolagus_cuniculus	complete	goldenpath_oryCun2	oryCun2.fa	chr2	-	0	17042361	17043651	LTR[RELIK(-)]-LTR[RELIK(-)]	1291
Oryctolagus_cuniculus_24658	24658	Oryctolagus_cuniculus	complete	goldenpath_oryCun2	oryCun2.fa	chr5	+	0	304082	305444	LTR[RELIK(+)]-gag[RELIK(+)]-gag[RELIK(+)]	1363
Oryctolagus_cuniculus_24269	24269	Oryctolagus_cuniculus	complete	goldenpath_oryCun2	oryCun2.fa	chrUn0218	+	0	54557	56101	LTR[RELIK(+)]-gag[RELIK(+)]	1545
Oryctolagus_cuniculus_24773	24773	Oryctolagus_cuniculus	complete	goldenpath_oryCun2	oryCun2.fa	chrUn0218	-	0	363039	364600	gag[RELIK(-)]-LTR[RELIK(-)]	1562
Oryctolagus_cuniculus_24396	24396	Oryctolagus_cuniculus	complete	goldenpath_oryCun2	oryCun2.fa	chrUn1117	-	0	19295	21291	env[RELIK(-)]-tat[RELIK(-)]-Vif[RELIK(-)]-pol[RELIK(-)]	1997
Oryctolagus_cuniculus_24591	24591	Oryctolagus_cuniculus	complete	goldenpath_oryCun2	oryCun2.fa	chr18	-	0	43689947	43691967	gag[RELIK(-)]-LEA[RELIK(-)]-LTR[RELIK(-)]	2021
Oryctolagus_cuniculus_24014	24014	Oryctolagus_cuniculus	complete	goldenpath_oryCun2	oryCun2.fa	chrUn0072	-	0	818702	821027	env[RELIK(-)]-pol[RELIK(-)]	2326
Oryctolagus_cuniculus_24204	24204	Oryctolagus_cuniculus	complete	goldenpath_oryCun2	oryCun2.fa	chr2	+	0	71788578	71791042	LTR[RELIK(+)]-gag[RELIK(+)]	2465
Oryctolagus_cuniculus_24295	24295	Oryctolagus_cuniculus	complete	goldenpath_oryCun2	oryCun2.fa	chrUn1041	+	0	29598	32913	gag[RELIK(+)]-pol[RELIK(+)]	3316
Oryctolagus_cuniculus_24414	24414	Oryctolagus_cuniculus	complete	goldenpath_oryCun2	oryCun2.fa	chrX	+	0	100118071	100121611	gag[RELIK(+)]-gag[RELIK(+)]-env[RELIK(+)]	3541
Oryctolagus_cuniculus_24790	24790	Oryctolagus_cuniculus	complete	goldenpath_oryCun2	oryCun2.fa	chrUn0014	+	0	1663503	1667057	LTR[RELIK(+)]-gag[RELIK(+)]-gag[RELIK(+)]-env[RELIK(+)]-LTR[RELIK(+)]	3555
Oryctolagus_cuniculus_24419	24419	Oryctolagus_cuniculus	complete	goldenpath_oryCun2	oryCun2.fa	chrUn0129	+	0	5782	9426	pol[RELIK(+)]-pol[RELIK(+)]-env[RELIK(+)]	3645
Oryctolagus_cuniculus_24245	24245	Oryctolagus_cuniculus	complete	goldenpath_oryCun2	oryCun2.fa	chrUn0150	+	0	614483	618226	pol[RELIK(+)]-Vif[RELIK(+)]-env[RELIK(+)]-rev[RELIK(+)]	3744
Oryctolagus_cuniculus_24402	24402	Oryctolagus_cuniculus	complete	goldenpath_oryCun2	oryCun2.fa	chrUn0358	+	0	33935	37697	pol[RELIK(+)]-Vif[RELIK(+)]-tat[RELIK(+)]-env[RELIK(+)]-env[RELIK(+)]-rev[RELIK(+)]	3763
Oryctolagus_cuniculus_24616	24616	Oryctolagus_cuniculus	complete	goldenpath_oryCun2	oryCun2.fa	chrUn0163	-	0	111410	115174	rev[RELIK(-)]-env[RELIK(-)]-tat[RELIK(-)]-Vif[RELIK(-)]-pol[RELIK(-)]	3765
Oryctolagus_cuniculus_24514	24514	Oryctolagus_cuniculus	complete	goldenpath_oryCun2	oryCun2.fa	chrUn1247	-	0	14791	18559	rev[RELIK(-)]-env[RELIK(-)]-tat[RELIK(-)]-Vif[RELIK(-)]-pol[RELIK(-)]	3769
Oryctolagus_cuniculus_24555	24555	Oryctolagus_cuniculus	complete	goldenpath_oryCun2	oryCun2.fa	chr14	-	0	151675770	151679658	env[RELIK(-)]-env[RELIK(-)]-env[RELIK(-)]-pol[RELIK(-)]-pol[RELIK(-)]	3889
Oryctolagus_cuniculus_24035	24035	Oryctolagus_cuniculus	complete	goldenpath_oryCun2	oryCun2.fa	chr18	+	0	4142412	4146319	gag[RELIK(+)]-env[RELIK(+)]-LTR[RELIK(+)]	3908
Oryctolagus_cuniculus_24598	24598	Oryctolagus_cuniculus	complete	goldenpath_oryCun2	oryCun2.fa	chr12	-	0	63167893	63172005	pol[RELIK(-)]-gag[RELIK(-)]	4113
Oryctolagus_cuniculus_24069	24069	Oryctolagus_cuniculus	complete	goldenpath_oryCun2	oryCun2.fa	chr18	-	0	43537405	43541603	env[RELIK(-)]-pol[RELIK(-)]-pol[RELIK(-)]	4199
Oryctolagus_cuniculus_24198	24198	Oryctolagus_cuniculus	complete	goldenpath_oryCun2	oryCun2.fa	chrUn0072	-	0	249681	254088	env[RELIK(-)]-gag[RELIK(-)]	4408
Oryctolagus_cuniculus_24406	24406	Oryctolagus_cuniculus	complete	goldenpath_oryCun2	oryCun2.fa	chr1	+	0	53025611	53030107	LTR[RELIK(+)]-pol[RELIK(+)]-LTR[RELIK(+)]	4497
Oryctolagus_cuniculus_24148	24148	Oryctolagus_cuniculus	complete	goldenpath_oryCun2	oryCun2.fa	chr17	-	0	59887678	59892348	rev[RELIK(-)]-env[RELIK(-)]-env[RELIK(-)]-gag[RELIK(-)]	4671
Oryctolagus_cuniculus_24300	24300	Oryctolagus_cuniculus	complete	goldenpath_oryCun2	oryCun2.fa	chrUn0091	-	0	936830	941625	LTR[RELIK(-)]-rev[RELIK(-)]-env[RELIK(-)]-pol[RELIK(-)]-pol[RELIK(-)]	4796
Oryctolagus_cuniculus_24116	24116	Oryctolagus_cuniculus	complete	goldenpath_oryCun2	oryCun2.fa	chr18	-	0	43677893	43682755	LTR[RELIK(-)]-env[RELIK(-)]-pol[RELIK(-)]-pol[RELIK(-)]	4863
Oryctolagus_cuniculus_24681	24681	Oryctolagus_cuniculus	complete	goldenpath_oryCun2	oryCun2.fa	chr12	+	0	23005523	23010420	gag[RELIK(+)]-pol[RELIK(+)]-env[RELIK(+)]	4898
Oryctolagus_cuniculus_24544	24544	Oryctolagus_cuniculus	complete	goldenpath_oryCun2	oryCun2.fa	chrX	+	0	94601011	94606131	pol[RELIK(+)]-env[RELIK(+)]	5121
Oryctolagus_cuniculus_24313	24313	Oryctolagus_cuniculus	complete	goldenpath_oryCun2	oryCun2.fa	chrUn0119	+	0	576246	581800	LTR[RELIK(+)]-pol[RELIK(+)]-env[RELIK(+)]-rev[RELIK(+)]-LTR[RELIK(+)]	5555
Oryctolagus_cuniculus_24202	24202	Oryctolagus_cuniculus	complete	goldenpath_oryCun2	oryCun2.fa	chrUn0227	-	0	471412	476995	env[RELIK(-)]-env[RELIK(-)]-pol[RELIK(-)]-pol[RELIK(-)]-gag[RELIK(-)]-LTR[RELIK(-)]	5584
Oryctolagus_cuniculus_24353	24353	Oryctolagus_cuniculus	complete	goldenpath_oryCun2	oryCun2.fa	chr3	-	0	58756218	58762344	env[RELIK(-)]-pol[RELIK(-)]-gag[RELIK(-)]	6127
Oryctolagus_cuniculus_24391	24391	Oryctolagus_cuniculus	complete	goldenpath_oryCun2	oryCun2.fa	chrUn0187	+	0	421872	428041	gag[RELIK(+)]-pol[RELIK(+)]-pol[RELIK(+)]-env[RELIK(+)]-env[RELIK(+)]	6170
Oryctolagus_cuniculus_24207	24207	Oryctolagus_cuniculus	complete	goldenpath_oryCun2	oryCun2.fa	chrUn0451	+	0	110803	117010	gag[RELIK(+)]-pol[RELIK(+)]-pol[RELIK(+)]-env[RELIK(+)]-env[RELIK(+)]	6208
Oryctolagus_cuniculus_24079	24079	Oryctolagus_cuniculus	complete	goldenpath_oryCun2	oryCun2.fa	chrUn0227	-	0	265615	271970	env[RELIK(-)]-env[RELIK(-)]-pol[RELIK(-)]-pol[RELIK(-)]-gag[RELIK(-)]-LTR[RELIK(-)]	6356
Oryctolagus_cuniculus_24174	24174	Oryctolagus_cuniculus	complete	goldenpath_oryCun2	oryCun2.fa	chr12	-	0	10124448	10131407	LTR[RELIK(-)]-rev[RELIK(-)]-env[RELIK(-)]-pol[RELIK(-)]-pol[RELIK(-)]	6960
Oryctolagus_cuniculus_24144	24144	Oryctolagus_cuniculus	complete	goldenpath_oryCun2	oryCun2.fa	chr5	-	0	26952	34132	LTR[RELIK(-)]-rev[RELIK(-)]-env[RELIK(-)]-gag[RELIK(-)]-gag[RELIK(-)]-LTR[RELIK(-)]	7181
Oryctolagus_cuniculus_24474	24474	Oryctolagus_cuniculus	complete	goldenpath_oryCun2	oryCun2.fa	chrUn0420	+	0	128470	135676	LTR[RELIK(+)]-gag[RELIK(+)]-pol[RELIK(+)]-env[RELIK(+)]-env[RELIK(+)]-LTR[RELIK(+)]	7207
Oryctolagus_cuniculus_24382	24382	Oryctolagus_cuniculus	complete	goldenpath_oryCun2	oryCun2.fa	chr1	-	0	11680204	11687469	LTR[RELIK(-)]-rev[RELIK(-)]-env[RELIK(-)]-env[RELIK(-)]-pol[RELIK(-)]-gag[RELIK(-)]-LTR[RELIK(-)]	7266
Oryctolagus_cuniculus_24518	24518	Oryctolagus_cuniculus	complete	goldenpath_oryCun2	oryCun2.fa	chr21	+	0	5199232	5206574	LTR[RELIK(+)]-gag[RELIK(+)]-LTR[RELIK(+)]-LTR[RELIK(+)]	7343
Oryctolagus_cuniculus_24615	24615	Oryctolagus_cuniculus	complete	goldenpath_oryCun2	oryCun2.fa	chr13	+	0	61683277	61690620	LTR[RELIK(+)]-pol[RELIK(+)]-env[RELIK(+)]-env[RELIK(+)]-LTR[RELIK(+)]	7344
Oryctolagus_cuniculus_24251	24251	Oryctolagus_cuniculus	complete	goldenpath_oryCun2	oryCun2.fa	chrUn0514	-	0	114056	121539	LTR[RELIK(-)]-rev[RELIK(-)]-env[RELIK(-)]-pol[RELIK(-)]-pol[RELIK(-)]-LTR[RELIK(-)]	7484
Oryctolagus_cuniculus_24664	24664	Oryctolagus_cuniculus	complete	goldenpath_oryCun2	oryCun2.fa	chrUn0280	+	0	316380	323917	LTR[RELIK(+)]-pol[RELIK(+)]-pol[RELIK(+)]-pol[RELIK(+)]-env[RELIK(+)]-rev[RELIK(+)]-LTR[RELIK(+)]	7538
Oryctolagus_cuniculus_24019	24019	Oryctolagus_cuniculus	complete	goldenpath_oryCun2	oryCun2.fa	chrUn0420	+	0	530	8098	LTR[RELIK(+)]-gag[RELIK(+)]-pol[RELIK(+)]-env[RELIK(+)]-env[RELIK(+)]-rev[RELIK(+)]-LTR[RELIK(+)]	7569
Oryctolagus_cuniculus_24292	24292	Oryctolagus_cuniculus	complete	goldenpath_oryCun2	oryCun2.fa	chrUn0420	+	0	104234	111814	LTR[RELIK(+)]-pol[RELIK(+)]-pol[RELIK(+)]-pol[RELIK(+)]-env[RELIK(+)]-LTR[RELIK(+)]	7581
Oryctolagus_cuniculus_24602	24602	Oryctolagus_cuniculus	complete	goldenpath_oryCun2	oryCun2.fa	chrUn0113	-	0	241307	249009	pol[RELIK(-)]-pol[RELIK(-)]-gag[RELIK(-)]-gag[RELIK(-)]-LEA[RELIK(-)]-LTR[RELIK(-)]	7703
Oryctolagus_cuniculus_24171	24171	Oryctolagus_cuniculus	complete	goldenpath_oryCun2	oryCun2.fa	chr15	-	0	66533562	66541271	env[RELIK(-)]-env[RELIK(-)]-env[RELIK(-)]-env[RELIK(-)]-pol[RELIK(-)]-pol[RELIK(-)]-LTR[RELIK(-)]	7710
Oryctolagus_cuniculus_24151	24151	Oryctolagus_cuniculus	complete	goldenpath_oryCun2	oryCun2.fa	chrUn0002	-	0	11599487	11607641	env[RELIK(-)]-Vif[RELIK(-)]-pol[RELIK(-)]-gag[RELIK(-)]	8155
Oryctolagus_cuniculus_24663	24663	Oryctolagus_cuniculus	complete	goldenpath_oryCun2	oryCun2.fa	chr18	+	0	16862234	16870514	LTR[RELIK(+)]-gag[RELIK(+)]-pol[RELIK(+)]-tat[RELIK(+)]-env[RELIK(+)]-env[RELIK(+)]-LTR[RELIK(+)]	8281
Oryctolagus_cuniculus_24260	24260	Oryctolagus_cuniculus	complete	goldenpath_oryCun2	oryCun2.fa	chr4	-	0	89436702	89445102	LTR[RELIK(-)]-rev[RELIK(-)]-env[RELIK(-)]-pol[RELIK(-)]-pol[RELIK(-)]-LTR[RELIK(-)]	8401
Oryctolagus_cuniculus_24184	24184	Oryctolagus_cuniculus	complete	goldenpath_oryCun2	oryCun2.fa	chr13	+	0	39080385	39089073	LTR[RELIK(+)]-gag[RELIK(+)]-pol[RELIK(+)]-pol[RELIK(+)]-env[RELIK(+)]-rev[RELIK(+)]-LTR[RELIK(+)]	8689
Oryctolagus_cuniculus_24738	24738	Oryctolagus_cuniculus	complete	goldenpath_oryCun2	oryCun2.fa	chr7	-	0	42946755	42955513	env[RELIK(-)]-pol[RELIK(-)]-pol[RELIK(-)]-gag[RELIK(-)]-LTR[RELIK(-)]	8759
Oryctolagus_cuniculus_24506	24506	Oryctolagus_cuniculus	complete	goldenpath_oryCun2	oryCun2.fa	chrX	-	0	30935943	30944918	LTR[RELIK(-)]-env[RELIK(-)]-tat[RELIK(-)]-Vif[RELIK(-)]-pol[RELIK(-)]-gag[RELIK(-)]-LTR[RELIK(-)]	8976