taxon	sequenceID	pubmed_id	name	isolate	country	collection_year
alignment/AL_SRLV/member/ncbi-curated-srlv/AM084203	AM084203	17349752	Small ruminant lentivirus	B_S23	Finland	1994
alignment/AL_SRLV/member/ncbi-curated-srlv/AM084204	AM084204	17349752	Small ruminant lentivirus	B_S604	Finland	1994
alignment/AL_SRLV/member/ncbi-curated-srlv/AM084205	AM084205	17349752	Small ruminant lentivirus	C6_S1	Finland	1994
alignment/AL_SRLV/member/ncbi-curated-srlv/AM084206	AM084206	17349752	Small ruminant lentivirus	D4_S1	Finland	1995
alignment/AL_SRLV/member/ncbi-curated-srlv/AM084207	AM084207	17349752	Small ruminant lentivirus	D5_S4	Finland	1996
alignment/AL_SRLV/member/ncbi-curated-srlv/AM084208	AM084208	17349752	Small ruminant lentivirus	E_S1	Finland	1995
alignment/AL_SRLV/member/ncbi-curated-srlv/AM084209	AM084209	17349752	Small ruminant lentivirus	Lotta	Finland	2001
alignment/AL_SRLV/member/ncbi-curated-srlv/AM419950	AM419950	17349752	Small ruminant lentivirus	-	-	-
alignment/AL_SRLV/member/ncbi-curated-srlv/AY265455	AY265455	15778023	Ovine lentivirus	It-561	Italy	1991
alignment/AL_SRLV/member/ncbi-curated-srlv/AY265456	AY265456	15778023	Ovine lentivirus	It-Pi1	Italy	1991
alignment/AL_SRLV/member/ncbi-curated-srlv/AY454161	AY454161	14967484	Small ruminant lentivirus	SNCR4668	Switzerland	1999
alignment/AL_SRLV/member/ncbi-curated-srlv/AY454162	AY454162	14967484	Small ruminant lentivirus	SNCR4861	Switzerland	1999
alignment/AL_SRLV/member/ncbi-curated-srlv/AY454163	AY454163	14967484	Small ruminant lentivirus	SNCR4863	Switzerland	1999
alignment/AL_SRLV/member/ncbi-curated-srlv/AY454164	AY454164	14967484	Small ruminant lentivirus	SNCR5056	Switzerland	1999
alignment/AL_SRLV/member/ncbi-curated-srlv/AY454165	AY454165	14967484	Small ruminant lentivirus	SNCR5057	Switzerland	1999
alignment/AL_SRLV/member/ncbi-curated-srlv/AY454166	AY454166	14967484	Small ruminant lentivirus	SNCR5058	Switzerland	1999
alignment/AL_SRLV/member/ncbi-curated-srlv/AY454167	AY454167	14967484	Small ruminant lentivirus	SNCR5059	Switzerland	1999
alignment/AL_SRLV/member/ncbi-curated-srlv/AY454168	AY454168	14967484	Small ruminant lentivirus	SNCR5466	Switzerland	1999
alignment/AL_SRLV/member/ncbi-curated-srlv/AY454169	AY454169	14967484	Small ruminant lentivirus	SNCR5472	Switzerland	1999
alignment/AL_SRLV/member/ncbi-curated-srlv/AY454170	AY454170	14967484	Small ruminant lentivirus	SNCR5473	Switzerland	1999
alignment/AL_SRLV/member/ncbi-curated-srlv/AY454171	AY454171	14967484	Small ruminant lentivirus	SNCR5484	Switzerland	1999
alignment/AL_SRLV/member/ncbi-curated-srlv/AY454172	AY454172	14967484	Small ruminant lentivirus	SNCR5518	Switzerland	1999
alignment/AL_SRLV/member/ncbi-curated-srlv/AY454173	AY454173	14967484	Small ruminant lentivirus	SNCR5525	Switzerland	1999
alignment/AL_SRLV/member/ncbi-curated-srlv/AY454174	AY454174	14967484	Small ruminant lentivirus	SNCR5526	Switzerland	1999
alignment/AL_SRLV/member/ncbi-curated-srlv/AY454176	AY454176	14967484	Small ruminant lentivirus	SNCR5561	Switzerland	1999
alignment/AL_SRLV/member/ncbi-curated-srlv/AY454177	AY454177	14967484	Small ruminant lentivirus	SNCR5563	Switzerland	1999
alignment/AL_SRLV/member/ncbi-curated-srlv/AY454178	AY454178	14967484	Small ruminant lentivirus	SNCR5564	Switzerland	1999
alignment/AL_SRLV/member/ncbi-curated-srlv/AY454179	AY454179	14967484	Small ruminant lentivirus	SNCR5568	Switzerland	1999
alignment/AL_SRLV/member/ncbi-curated-srlv/AY454180	AY454180	14967484	Small ruminant lentivirus	SNCR5570	Switzerland	1999
alignment/AL_SRLV/member/ncbi-curated-srlv/AY454181	AY454181	14967484	Small ruminant lentivirus	SNCR5571	Switzerland	1999
alignment/AL_SRLV/member/ncbi-curated-srlv/AY454182	AY454182	14967484	Small ruminant lentivirus	SNCR5572	Switzerland	1999
alignment/AL_SRLV/member/ncbi-curated-srlv/AY454183	AY454183	14967484	Small ruminant lentivirus	SNCR5574	Switzerland	1999
alignment/AL_SRLV/member/ncbi-curated-srlv/AY454184	AY454184	14967484	Small ruminant lentivirus	SNCR5576	Switzerland	1999
alignment/AL_SRLV/member/ncbi-curated-srlv/AY454185	AY454185	14967484	Small ruminant lentivirus	SNCR5578	Switzerland	1999
alignment/AL_SRLV/member/ncbi-curated-srlv/AY454186	AY454186	14967484	Small ruminant lentivirus	SNCR5586	Switzerland	1999
alignment/AL_SRLV/member/ncbi-curated-srlv/AY454187	AY454187	14967484	Small ruminant lentivirus	SNCR5591	Switzerland	1999
alignment/AL_SRLV/member/ncbi-curated-srlv/AY454188	AY454188	14967484	Small ruminant lentivirus	SNCR5592	Switzerland	1999
alignment/AL_SRLV/member/ncbi-curated-srlv/AY454190	AY454190	14967484	Small ruminant lentivirus	SNCR5598	Switzerland	1999
alignment/AL_SRLV/member/ncbi-curated-srlv/AY454191	AY454191	14967484	Small ruminant lentivirus	SNCR5637	Switzerland	1999
alignment/AL_SRLV/member/ncbi-curated-srlv/AY454192	AY454192	14967484	Small ruminant lentivirus	SNCR5638	Switzerland	1999
alignment/AL_SRLV/member/ncbi-curated-srlv/AY454193	AY454193	14967484	Small ruminant lentivirus	SNCR5639	Switzerland	1999
alignment/AL_SRLV/member/ncbi-curated-srlv/AY454194	AY454194	14967484	Small ruminant lentivirus	SNCR5645	Switzerland	1999
alignment/AL_SRLV/member/ncbi-curated-srlv/AY454195	AY454195	14967484	Small ruminant lentivirus	SNCR5651	Switzerland	1999
alignment/AL_SRLV/member/ncbi-curated-srlv/AY454196	AY454196	14967484	Small ruminant lentivirus	SNCR5660	Switzerland	1999
alignment/AL_SRLV/member/ncbi-curated-srlv/AY454197	AY454197	14967484	Small ruminant lentivirus	SNCR5661	Switzerland	1999
alignment/AL_SRLV/member/ncbi-curated-srlv/AY454198	AY454198	14967484	Small ruminant lentivirus	SNCR5663	Switzerland	1999
alignment/AL_SRLV/member/ncbi-curated-srlv/AY454199	AY454199	14967484	Small ruminant lentivirus	SNCR5666	Switzerland	1999
alignment/AL_SRLV/member/ncbi-curated-srlv/AY454200	AY454200	14967484	Small ruminant lentivirus	SNCR5667	Switzerland	1999
alignment/AL_SRLV/member/ncbi-curated-srlv/AY454201	AY454201	14967484	Small ruminant lentivirus	SNCR5669	Switzerland	1999
alignment/AL_SRLV/member/ncbi-curated-srlv/AY454202	AY454202	14967484	Small ruminant lentivirus	SNCR5673	Switzerland	1999
alignment/AL_SRLV/member/ncbi-curated-srlv/AY454203	AY454203	14967484	Small ruminant lentivirus	SNCR5674	Switzerland	1999
alignment/AL_SRLV/member/ncbi-curated-srlv/AY454204	AY454204	14967484	Small ruminant lentivirus	SNCR5678	Switzerland	1999
alignment/AL_SRLV/member/ncbi-curated-srlv/AY454205	AY454205	14967484	Small ruminant lentivirus	SNCR5679	Switzerland	1999
alignment/AL_SRLV/member/ncbi-curated-srlv/AY454206	AY454206	14967484	Small ruminant lentivirus	SNCR5686	Switzerland	1999
alignment/AL_SRLV/member/ncbi-curated-srlv/AY454207	AY454207	14967484	Small ruminant lentivirus	SNCR5690	Switzerland	1999
alignment/AL_SRLV/member/ncbi-curated-srlv/AY454209	AY454209	14967484	Small ruminant lentivirus	SNCR5697	Switzerland	1999
alignment/AL_SRLV/member/ncbi-curated-srlv/AY454210	AY454210	14967484	Small ruminant lentivirus	SNCR5698	Switzerland	1999
alignment/AL_SRLV/member/ncbi-curated-srlv/AY454211	AY454211	14967484	Small ruminant lentivirus	SNCR5699	Switzerland	1999
alignment/AL_SRLV/member/ncbi-curated-srlv/AY454212	AY454212	14967484	Small ruminant lentivirus	SNCR5700	Switzerland	1999
alignment/AL_SRLV/member/ncbi-curated-srlv/AY454213	AY454213	14967484	Small ruminant lentivirus	SNCR5701	Switzerland	1999
alignment/AL_SRLV/member/ncbi-curated-srlv/AY454214	AY454214	14967484	Small ruminant lentivirus	SNCR5703	Switzerland	1999
alignment/AL_SRLV/member/ncbi-curated-srlv/AY454215	AY454215	14967484	Small ruminant lentivirus	SNCR5705	Switzerland	1999
alignment/AL_SRLV/member/ncbi-curated-srlv/AY454216	AY454216	14967484	Small ruminant lentivirus	SNCR5709	Switzerland	1999
alignment/AL_SRLV/member/ncbi-curated-srlv/AY454217	AY454217	14967484	Small ruminant lentivirus	SNCR5717	Switzerland	1999
alignment/AL_SRLV/member/ncbi-curated-srlv/AY454218	AY454218	14967484	Small ruminant lentivirus	SNCR5720	Switzerland	1999
alignment/AL_SRLV/member/ncbi-curated-srlv/AY454219	AY454219	14967484	Small ruminant lentivirus	SNCR5721	Switzerland	1999
alignment/AL_SRLV/member/ncbi-curated-srlv/AY454220	AY454220	14967484	Small ruminant lentivirus	SNCR5723	Switzerland	1999
alignment/AL_SRLV/member/ncbi-curated-srlv/AY454221	AY454221	14967484	Small ruminant lentivirus	SNCR5731	Switzerland	1999
alignment/AL_SRLV/member/ncbi-curated-srlv/AY454222	AY454222	14967484	Small ruminant lentivirus	SNCR5745	Switzerland	1999
alignment/AL_SRLV/member/ncbi-curated-srlv/AY454223	AY454223	14967484	Small ruminant lentivirus	SNCR5775	Switzerland	1999
alignment/AL_SRLV/member/ncbi-curated-srlv/AY454224	AY454224	14967484	Small ruminant lentivirus	SNCR5776	Switzerland	1999
alignment/AL_SRLV/member/ncbi-curated-srlv/AY454225	AY454225	14967484	Small ruminant lentivirus	SNCR5813	Switzerland	1999
alignment/AL_SRLV/member/ncbi-curated-srlv/AY454226	AY454226	14967484	Small ruminant lentivirus	SNCR5814	Switzerland	1999
alignment/AL_SRLV/member/ncbi-curated-srlv/AY454227	AY454227	14967484	Small ruminant lentivirus	SNCR5842	Switzerland	1999
alignment/AL_SRLV/member/ncbi-curated-srlv/AY454228	AY454228	14967484	Small ruminant lentivirus	SNCR5843	Switzerland	1999
alignment/AL_SRLV/member/ncbi-curated-srlv/AY454229	AY454229	14967484	Small ruminant lentivirus	SNCR5844	Switzerland	1999
alignment/AL_SRLV/member/ncbi-curated-srlv/AY454230	AY454230	14967484	Small ruminant lentivirus	SNCR5845	Switzerland	1999
alignment/AL_SRLV/member/ncbi-curated-srlv/AY454231	AY454231	14967484	Small ruminant lentivirus	SNCR6247	Switzerland	1999
alignment/AL_SRLV/member/ncbi-curated-srlv/AY454232	AY454232	14967484	Small ruminant lentivirus	SNCR6249	Switzerland	1999
alignment/AL_SRLV/member/ncbi-curated-srlv/AY577031	AY577031	15220425	Small ruminant lentivirus	SNCR7592	Switzerland	2003
alignment/AL_SRLV/member/ncbi-curated-srlv/AY577032	AY577032	15220425	Small ruminant lentivirus	SNCR7730	Switzerland	2003
alignment/AL_SRLV/member/ncbi-curated-srlv/AY577033	AY577033	15220425	Small ruminant lentivirus	SNCR7731	Switzerland	2003
alignment/AL_SRLV/member/ncbi-curated-srlv/EF675997	EF675997	18024912	Small ruminant lentivirus	-	-	-
alignment/AL_SRLV/member/ncbi-curated-srlv/EF676000	EF676000	18024912	Small ruminant lentivirus	It-014s03	Italy	2006
alignment/AL_SRLV/member/ncbi-curated-srlv/EF676002	EF676002	18024912	Small ruminant lentivirus	It-018g04	Italy	2006
alignment/AL_SRLV/member/ncbi-curated-srlv/EF676006	EF676006	18024912	Small ruminant lentivirus	It-030g03	Italy	2006
alignment/AL_SRLV/member/ncbi-curated-srlv/EF676007	EF676007	18024912	Small ruminant lentivirus	It-035s05	Italy	2006
alignment/AL_SRLV/member/ncbi-curated-srlv/EF676009	EF676009	18024912	Small ruminant lentivirus	It-037s05	Italy	2006
alignment/AL_SRLV/member/ncbi-curated-srlv/EF676010	EF676010	18024912	Small ruminant lentivirus	It-03g08	Italy	2006
alignment/AL_SRLV/member/ncbi-curated-srlv/EF676013	EF676013	18024912	Small ruminant lentivirus	It-045g05	Italy	2006
alignment/AL_SRLV/member/ncbi-curated-srlv/EF676015	EF676015	18024912	Small ruminant lentivirus	It-052g06	Italy	2006
alignment/AL_SRLV/member/ncbi-curated-srlv/EF676016	EF676016	18024912	Small ruminant lentivirus	It-053s01	Italy	2006
alignment/AL_SRLV/member/ncbi-curated-srlv/EF676017	EF676017	18024912	Small ruminant lentivirus	It-060s01	Italy	2006
alignment/AL_SRLV/member/ncbi-curated-srlv/EF676018	EF676018	18024912	Small ruminant lentivirus	It-063s01	Italy	2006
alignment/AL_SRLV/member/ncbi-curated-srlv/EF676019	EF676019	18024912	Small ruminant lentivirus	It-064s01	Italy	2006
alignment/AL_SRLV/member/ncbi-curated-srlv/EF676020	EF676020	18024912	Small ruminant lentivirus	It-069s01	Italy	2006
alignment/AL_SRLV/member/ncbi-curated-srlv/EU010120	EU010120	18024912	Small ruminant lentivirus	It-047g05	Italy	2006
alignment/AL_SRLV/member/ncbi-curated-srlv/EU010121	EU010121	18024912	Small ruminant lentivirus	It-043g05	Italy	2006
alignment/AL_SRLV/member/ncbi-curated-srlv/EU010122	EU010122	18024912	Small ruminant lentivirus	It-041.9g05	Italy	2006
alignment/AL_SRLV/member/ncbi-curated-srlv/EU010123	EU010123	18024912	Small ruminant lentivirus	It-017.16g03	Italy	2006
alignment/AL_SRLV/member/ncbi-curated-srlv/EU010124	EU010124	18024912	Small ruminant lentivirus	It-025g02	Italy	2006
alignment/AL_SRLV/member/ncbi-curated-srlv/EU010126	EU010126	18024912	Small ruminant lentivirus	It-007.5s03	Italy	2006
alignment/AL_SRLV/member/ncbi-curated-srlv/EU983109	EU983109	-	Caprine arthritis encephalitis virus	NIAH44058PCG	Thailand	2008
alignment/AL_SRLV/member/ncbi-curated-srlv/FJ623121	FJ623121	22155513	Small ruminant lentivirus	1217	Poland	2008
alignment/AL_SRLV/member/ncbi-curated-srlv/FJ623123	FJ623123	22155513	Small ruminant lentivirus	4819	Poland	2008
alignment/AL_SRLV/member/ncbi-curated-srlv/FJ623124	FJ623124	22155513	Small ruminant lentivirus	90472	Poland	2008
alignment/AL_SRLV/member/ncbi-curated-srlv/FJ623125	FJ623125	22155513	Small ruminant lentivirus	1	Poland	2008
alignment/AL_SRLV/member/ncbi-curated-srlv/GQ255385	GQ255385	20016044	Ovine progressive pneumonia virus	18.4.	United States	2004
alignment/AL_SRLV/member/ncbi-curated-srlv/GQ255386	GQ255386	20016044	Ovine progressive pneumonia virus	27.1	United States	2004
alignment/AL_SRLV/member/ncbi-curated-srlv/GQ255391	GQ255391	20016044	Ovine progressive pneumonia virus	68.2	United States	2004
alignment/AL_SRLV/member/ncbi-curated-srlv/GQ255401	GQ255401	20016044	Ovine progressive pneumonia virus	76.4	United States	2004
alignment/AL_SRLV/member/ncbi-curated-srlv/GQ255403	GQ255403	20016044	Ovine progressive pneumonia virus	83.1	United States	2004
alignment/AL_SRLV/member/ncbi-curated-srlv/GQ255411	GQ255411	20016044	Ovine progressive pneumonia virus	89.1	United States	2004
alignment/AL_SRLV/member/ncbi-curated-srlv/GQ255417	GQ255417	20016044	Ovine progressive pneumonia virus	99.1	United States	2004
alignment/AL_SRLV/member/ncbi-curated-srlv/GQ255423	GQ255423	20016044	Ovine progressive pneumonia virus	101.1	United States	2004
alignment/AL_SRLV/member/ncbi-curated-srlv/GQ255428	GQ255428	20016044	Ovine progressive pneumonia virus	10.1	United States	2004
alignment/AL_SRLV/member/ncbi-curated-srlv/GQ255433	GQ255433	20016044	Ovine progressive pneumonia virus	WLC-1.1	United States	2008
alignment/AL_SRLV/member/ncbi-curated-srlv/GQ428519	GQ428519	20060658	Small ruminant lentivirus	It-002-40309-08	Italy	2008
alignment/AL_SRLV/member/ncbi-curated-srlv/GQ428520	GQ428520	20060658	Small ruminant lentivirus	It-003-40309-08	Italy	2008
alignment/AL_SRLV/member/ncbi-curated-srlv/GQ428521	GQ428521	20060658	Small ruminant lentivirus	It-004-40309-08	Italy	2008
alignment/AL_SRLV/member/ncbi-curated-srlv/GQ428522	GQ428522	20060658	Small ruminant lentivirus	It-005-40309-08	Italy	2008
alignment/AL_SRLV/member/ncbi-curated-srlv/GQ428523	GQ428523	20060658	Small ruminant lentivirus	It-006-40309-08	Italy	2008
alignment/AL_SRLV/member/ncbi-curated-srlv/GQ428524	GQ428524	20060658	Small ruminant lentivirus	It-007-40309-08	Italy	2008
alignment/AL_SRLV/member/ncbi-curated-srlv/GQ428525	GQ428525	20060658	Small ruminant lentivirus	It-009-40309-08	Italy	2008
alignment/AL_SRLV/member/ncbi-curated-srlv/GQ428526	GQ428526	20060658	Small ruminant lentivirus	It-012-40309-08	Italy	2008
alignment/AL_SRLV/member/ncbi-curated-srlv/GQ428527	GQ428527	20060658	Small ruminant lentivirus	It-gal-65475-02	Italy	2002
alignment/AL_SRLV/member/ncbi-curated-srlv/GQ428528	GQ428528	20060658	Small ruminant lentivirus	It-001-68540-09	Italy	2009
alignment/AL_SRLV/member/ncbi-curated-srlv/GQ428529	GQ428529	20060658	Small ruminant lentivirus	It-002-68540-09	Italy	2009
alignment/AL_SRLV/member/ncbi-curated-srlv/GQ428530	GQ428530	20060658	Small ruminant lentivirus	It-003-68540-09	Italy	2009
alignment/AL_SRLV/member/ncbi-curated-srlv/GQ428531	GQ428531	20060658	Small ruminant lentivirus	It-004-68540-09	Italy	2009
alignment/AL_SRLV/member/ncbi-curated-srlv/GQ428532	GQ428532	20060658	Small ruminant lentivirus	It-005-68540-09	Italy	2009
alignment/AL_SRLV/member/ncbi-curated-srlv/GQ428533	GQ428533	20060658	Small ruminant lentivirus	It-006-68540-09	Italy	2009
alignment/AL_SRLV/member/ncbi-curated-srlv/GQ428534	GQ428534	20060658	Small ruminant lentivirus	It-003-65475-09	Italy	2009
alignment/AL_SRLV/member/ncbi-curated-srlv/GQ428535	GQ428535	20060658	Small ruminant lentivirus	It-006-65475-09	Italy	2009
alignment/AL_SRLV/member/ncbi-curated-srlv/GQ428536	GQ428536	20060658	Small ruminant lentivirus	It-005-65475-09	Italy	2009
alignment/AL_SRLV/member/ncbi-curated-srlv/HQ158122	HQ158122	21639904	Small ruminant lentivirus	CBonnie	Canada	2004
alignment/AL_SRLV/member/ncbi-curated-srlv/HQ158123	HQ158123	21639904	Small ruminant lentivirus	C30	Canada	2004
alignment/AL_SRLV/member/ncbi-curated-srlv/HQ158124	HQ158124	21639904	Small ruminant lentivirus	C51	Canada	2004
alignment/AL_SRLV/member/ncbi-curated-srlv/HQ158125	HQ158125	21639904	Small ruminant lentivirus	c69	Canada	2004
alignment/AL_SRLV/member/ncbi-curated-srlv/HQ158126	HQ158126	21639904	Small ruminant lentivirus	c95	Canada	2004
alignment/AL_SRLV/member/ncbi-curated-srlv/HQ158127	HQ158127	21639904	Small ruminant lentivirus	c5FC1	Canada	2004
alignment/AL_SRLV/member/ncbi-curated-srlv/HQ158128	HQ158128	21639904	Small ruminant lentivirus	cFC2-8	Canada	2004
alignment/AL_SRLV/member/ncbi-curated-srlv/HQ158129	HQ158129	21639904	Small ruminant lentivirus	cFC2-44	Canada	2004
alignment/AL_SRLV/member/ncbi-curated-srlv/HQ158130	HQ158130	21639904	Small ruminant lentivirus	cFC4-12	Canada	2004
alignment/AL_SRLV/member/ncbi-curated-srlv/HQ158131	HQ158131	21639904	Small ruminant lentivirus	cFC4-24	Canada	2004
alignment/AL_SRLV/member/ncbi-curated-srlv/HQ158132	HQ158132	21639904	Small ruminant lentivirus	O16A-27	Canada	2004
alignment/AL_SRLV/member/ncbi-curated-srlv/HQ158133	HQ158133	21639904	Small ruminant lentivirus	O23F-17	Canada	2004
alignment/AL_SRLV/member/ncbi-curated-srlv/HQ158134	HQ158134	21639904	Small ruminant lentivirus	O23F-18	Canada	2004
alignment/AL_SRLV/member/ncbi-curated-srlv/HQ158135	HQ158135	21639904	Small ruminant lentivirus	O23117	Canada	2004
alignment/AL_SRLV/member/ncbi-curated-srlv/HQ158136	HQ158136	21639904	Small ruminant lentivirus	O5A-34	Canada	2004
alignment/AL_SRLV/member/ncbi-curated-srlv/JF502418	JF502418	21562119	Caprine arthritis encephalitis virus	TR-DM	Turkey	2006
alignment/AL_SRLV/member/ncbi-curated-srlv/JF520393	JF520393	21562119	Caprine arthritis encephalitis virus	It-36384	Italy	2008
alignment/AL_SRLV/member/ncbi-curated-srlv/JF520394	JF520394	21562119	Caprine arthritis encephalitis virus	IT-40309	Italy	2008
alignment/AL_SRLV/member/ncbi-curated-srlv/JF520395	JF520395	21562119	Caprine arthritis encephalitis virus	It-8970	Italy	2009
alignment/AL_SRLV/member/ncbi-curated-srlv/JF520396	JF520396	21562119	Caprine arthritis encephalitis virus	It-9762	Italy	2009
alignment/AL_SRLV/member/ncbi-curated-srlv/JF520397	JF520397	21562119	Caprine arthritis encephalitis virus	It-68533	Italy	2009
alignment/AL_SRLV/member/ncbi-curated-srlv/JN184351	JN184351	23375019	Small ruminant lentivirus	72	Spain	2005
alignment/AL_SRLV/member/ncbi-curated-srlv/JN184352	JN184352	23375019	Small ruminant lentivirus	160	Spain	2005
alignment/AL_SRLV/member/ncbi-curated-srlv/JN184353	JN184353	23375019	Small ruminant lentivirus	166	Spain	2005
alignment/AL_SRLV/member/ncbi-curated-srlv/JN184354	JN184354	23375019	Small ruminant lentivirus	292	Spain	2005
alignment/AL_SRLV/member/ncbi-curated-srlv/JN184355	JN184355	23375019	Small ruminant lentivirus	333	Spain	2005
alignment/AL_SRLV/member/ncbi-curated-srlv/JN184356	JN184356	23375019	Small ruminant lentivirus	336	Spain	2005
alignment/AL_SRLV/member/ncbi-curated-srlv/JN184357	JN184357	23375019	Small ruminant lentivirus	358	Spain	2005
alignment/AL_SRLV/member/ncbi-curated-srlv/JN184358	JN184358	23375019	Small ruminant lentivirus	368	Spain	2005
alignment/AL_SRLV/member/ncbi-curated-srlv/JN184359	JN184359	23375019	Small ruminant lentivirus	698	Spain	2005
alignment/AL_SRLV/member/ncbi-curated-srlv/JN184360	JN184360	23375019	Small ruminant lentivirus	N-05/136	Spain	2005
alignment/AL_SRLV/member/ncbi-curated-srlv/JN184361	JN184361	23375019	Small ruminant lentivirus	N/146	Spain	2007
alignment/AL_SRLV/member/ncbi-curated-srlv/JX660691	JX660691	-	Small ruminant lentivirus	-	-	-
alignment/AL_SRLV/member/ncbi-curated-srlv/JX660692	JX660692	-	Small ruminant lentivirus	-	-	-
alignment/AL_SRLV/member/ncbi-curated-srlv/JX660693	JX660693	-	Small ruminant lentivirus	-	-	-
alignment/AL_SRLV/member/ncbi-curated-srlv/JX660694	JX660694	-	Small ruminant lentivirus	-	-	-
alignment/AL_SRLV/member/ncbi-curated-srlv/JX660695	JX660695	-	Small ruminant lentivirus	-	-	-
alignment/AL_SRLV/member/ncbi-curated-srlv/JX878404	JX878404	23197577	Small ruminant lentivirus	-	-	-
alignment/AL_SRLV/member/ncbi-curated-srlv/KF861550	KF861550	-	Small ruminant lentivirus	-	-	-
alignment/AL_SRLV/member/ncbi-curated-srlv/KF861551	KF861551	-	Small ruminant lentivirus	-	-	-
alignment/AL_SRLV/member/ncbi-curated-srlv/KF861552	KF861552	-	Small ruminant lentivirus	-	-	-
alignment/AL_SRLV/member/ncbi-curated-srlv/KF861553	KF861553	-	Small ruminant lentivirus	-	-	-
alignment/AL_SRLV/member/ncbi-curated-srlv/KF861554	KF861554	-	Small ruminant lentivirus	-	-	-
alignment/AL_SRLV/member/ncbi-curated-srlv/KF861555	KF861555	-	Small ruminant lentivirus	-	-	-
alignment/AL_SRLV/member/ncbi-curated-srlv/KF861556	KF861556	-	Small ruminant lentivirus	-	-	-
alignment/AL_SRLV/member/ncbi-curated-srlv/KF861557	KF861557	-	Small ruminant lentivirus	-	-	-
alignment/AL_SRLV/member/ncbi-curated-srlv/KF861558	KF861558	-	Small ruminant lentivirus	-	-	-
alignment/AL_SRLV/member/ncbi-curated-srlv/KF861559	KF861559	-	Small ruminant lentivirus	-	-	-
alignment/AL_SRLV/member/ncbi-curated-srlv/KF861560	KF861560	-	Small ruminant lentivirus	-	-	-
alignment/AL_SRLV/member/ncbi-curated-srlv/KF861561	KF861561	-	Small ruminant lentivirus	-	-	-
alignment/AL_SRLV/member/ncbi-curated-srlv/KF861562	KF861562	-	Small ruminant lentivirus	-	-	-
alignment/AL_SRLV/member/ncbi-curated-srlv/KF861563	KF861563	-	Small ruminant lentivirus	-	-	-
alignment/AL_SRLV/member/ncbi-curated-srlv/KF861564	KF861564	-	Small ruminant lentivirus	-	-	-
alignment/AL_SRLV/member/ncbi-curated-srlv/KF861565	KF861565	-	Small ruminant lentivirus	-	-	-
alignment/AL_SRLV/member/ncbi-curated-srlv/KF861566	KF861566	-	Small ruminant lentivirus	-	-	-
alignment/AL_SRLV/member/ncbi-curated-srlv/KF861567	KF861567	-	Small ruminant lentivirus	-	-	-
alignment/AL_SRLV/member/ncbi-curated-srlv/KF861568	KF861568	-	Small ruminant lentivirus	-	-	-
alignment/AL_SRLV/member/ncbi-curated-srlv/KF861569	KF861569	-	Small ruminant lentivirus	-	-	-
alignment/AL_SRLV/member/ncbi-curated-srlv/KF861570	KF861570	-	Small ruminant lentivirus	-	-	-
alignment/AL_SRLV/member/ncbi-curated-srlv/KF861571	KF861571	-	Small ruminant lentivirus	-	-	-
alignment/AL_SRLV/member/ncbi-curated-srlv/KF861572	KF861572	-	Small ruminant lentivirus	-	-	-
alignment/AL_SRLV/member/ncbi-curated-srlv/KJ641269	KJ641269	25462356	Small ruminant lentivirus	-	-	-
alignment/AL_SRLV/member/ncbi-curated-srlv/KJ641270	KJ641270	25462356	Small ruminant lentivirus	-	-	-
alignment/AL_SRLV/member/ncbi-curated-srlv/KJ641271	KJ641271	25462356	Small ruminant lentivirus	-	-	-
alignment/AL_SRLV/member/ncbi-curated-srlv/KJ641272	KJ641272	25462356	Small ruminant lentivirus	-	-	-
alignment/AL_SRLV/member/ncbi-curated-srlv/KJ641273	KJ641273	25462356	Small ruminant lentivirus	-	-	-
alignment/AL_SRLV/member/ncbi-curated-srlv/KJ641274	KJ641274	25462356	Small ruminant lentivirus	-	-	-
alignment/AL_SRLV/member/ncbi-curated-srlv/KJ641275	KJ641275	25462356	Small ruminant lentivirus	-	-	-
alignment/AL_SRLV/member/ncbi-curated-srlv/KJ641276	KJ641276	25462356	Small ruminant lentivirus	-	-	-
alignment/AL_SRLV/member/ncbi-curated-srlv/KJ641277	KJ641277	25462356	Small ruminant lentivirus	-	-	-
alignment/AL_SRLV/member/ncbi-curated-srlv/KJ641278	KJ641278	25462356	Small ruminant lentivirus	-	-	-
alignment/AL_SRLV/member/ncbi-curated-srlv/KJ641279	KJ641279	25462356	Small ruminant lentivirus	-	-	-
alignment/AL_SRLV/member/ncbi-curated-srlv/KJ641280	KJ641280	25462356	Small ruminant lentivirus	-	-	-
alignment/AL_SRLV/member/ncbi-curated-srlv/KJ641281	KJ641281	25462356	Small ruminant lentivirus	-	-	-
alignment/AL_SRLV/member/ncbi-curated-srlv/KJ641282	KJ641282	25462356	Small ruminant lentivirus	-	-	-
alignment/AL_SRLV/member/ncbi-curated-srlv/KJ641283	KJ641283	25462356	Small ruminant lentivirus	-	-	-
alignment/AL_SRLV/member/ncbi-curated-srlv/KJ641284	KJ641284	25462356	Small ruminant lentivirus	-	-	-
alignment/AL_SRLV/member/ncbi-curated-srlv/KJ641285	KJ641285	25462356	Small ruminant lentivirus	-	-	-
alignment/AL_SRLV/member/ncbi-curated-srlv/KJ641286	KJ641286	25462356	Small ruminant lentivirus	-	-	-
alignment/AL_SRLV/member/ncbi-curated-srlv/KJ641287	KJ641287	25462356	Small ruminant lentivirus	-	-	-
alignment/AL_SRLV/member/ncbi-curated-srlv/KJ641288	KJ641288	25462356	Small ruminant lentivirus	-	-	-
alignment/AL_SRLV/member/ncbi-curated-srlv/KJ641289	KJ641289	25462356	Small ruminant lentivirus	-	-	-
alignment/AL_SRLV/member/ncbi-curated-srlv/KJ641290	KJ641290	25462356	Small ruminant lentivirus	-	-	-
alignment/AL_SRLV/member/ncbi-curated-srlv/KJ641291	KJ641291	25462356	Small ruminant lentivirus	-	-	-
alignment/AL_SRLV/member/ncbi-curated-srlv/KJ641292	KJ641292	25462356	Small ruminant lentivirus	-	-	-
alignment/AL_SRLV/member/ncbi-curated-srlv/KJ641293	KJ641293	25462356	Small ruminant lentivirus	-	-	-
alignment/AL_SRLV/member/ncbi-curated-srlv/KJ641294	KJ641294	25462356	Small ruminant lentivirus	-	-	-
alignment/AL_SRLV/member/ncbi-curated-srlv/KJ641295	KJ641295	25462356	Small ruminant lentivirus	-	-	-
alignment/AL_SRLV/member/ncbi-curated-srlv/KJ641296	KJ641296	25462356	Small ruminant lentivirus	-	-	-
alignment/AL_SRLV/member/ncbi-curated-srlv/KJ641297	KJ641297	25462356	Small ruminant lentivirus	-	-	-
alignment/AL_SRLV/member/ncbi-curated-srlv/KJ641298	KJ641298	25462356	Small ruminant lentivirus	-	-	-
alignment/AL_SRLV/member/ncbi-curated-srlv/KJ641299	KJ641299	25462356	Small ruminant lentivirus	-	-	-
alignment/AL_SRLV/member/ncbi-curated-srlv/KJ641300	KJ641300	25462356	Small ruminant lentivirus	-	-	-
alignment/AL_SRLV/member/ncbi-curated-srlv/KJ641301	KJ641301	25462356	Small ruminant lentivirus	-	-	-
alignment/AL_SRLV/member/ncbi-curated-srlv/KJ641302	KJ641302	25462356	Small ruminant lentivirus	-	-	-
alignment/AL_SRLV/member/ncbi-curated-srlv/KJ641303	KJ641303	25462356	Small ruminant lentivirus	-	-	-
alignment/AL_SRLV/member/ncbi-curated-srlv/KJ641304	KJ641304	25462356	Small ruminant lentivirus	-	-	-
alignment/AL_SRLV/member/ncbi-curated-srlv/KJ641305	KJ641305	25462356	Small ruminant lentivirus	-	-	-
alignment/AL_SRLV/member/ncbi-curated-srlv/KJ641306	KJ641306	25462356	Small ruminant lentivirus	-	-	-
alignment/AL_SRLV/member/ncbi-curated-srlv/KJ641307	KJ641307	25462356	Small ruminant lentivirus	-	-	-
alignment/AL_SRLV/member/ncbi-curated-srlv/KJ641308	KJ641308	25462356	Small ruminant lentivirus	-	-	-
alignment/AL_SRLV/member/ncbi-curated-srlv/KJ641309	KJ641309	25462356	Small ruminant lentivirus	-	-	-
alignment/AL_SRLV/member/ncbi-curated-srlv/KJ641310	KJ641310	25462356	Small ruminant lentivirus	-	-	-
alignment/AL_SRLV/member/ncbi-curated-srlv/KJ641313	KJ641313	25462356	Small ruminant lentivirus	-	-	-
alignment/AL_SRLV/member/ncbi-curated-srlv/KJ641316	KJ641316	25462356	Small ruminant lentivirus	-	-	-
alignment/AL_SRLV/member/ncbi-curated-srlv/KJ641318	KJ641318	25462356	Small ruminant lentivirus	-	-	-
alignment/AL_SRLV/member/ncbi-curated-srlv/KJ641319	KJ641319	25462356	Small ruminant lentivirus	-	-	-
alignment/AL_SRLV/member/ncbi-curated-srlv/KJ641322	KJ641322	25462356	Small ruminant lentivirus	-	-	-
alignment/AL_SRLV/member/ncbi-curated-srlv/KJ641325	KJ641325	25462356	Small ruminant lentivirus	-	-	-
alignment/AL_SRLV/member/ncbi-curated-srlv/KJ641327	KJ641327	25462356	Small ruminant lentivirus	-	-	-
alignment/AL_SRLV/member/ncbi-curated-srlv/KJ641332	KJ641332	25462356	Small ruminant lentivirus	-	-	-
alignment/AL_SRLV/member/ncbi-curated-srlv/KJ641333	KJ641333	25462356	Small ruminant lentivirus	-	-	-
alignment/AL_SRLV/member/ncbi-curated-srlv/KJ641334	KJ641334	25462356	Small ruminant lentivirus	-	-	-
alignment/AL_SRLV/member/ncbi-curated-srlv/KJ641335	KJ641335	25462356	Small ruminant lentivirus	-	-	-
alignment/AL_SRLV/member/ncbi-curated-srlv/KJ641336	KJ641336	25462356	Small ruminant lentivirus	-	-	-
alignment/AL_SRLV/member/ncbi-curated-srlv/KJ641337	KJ641337	25462356	Small ruminant lentivirus	-	-	-
alignment/AL_SRLV/member/ncbi-curated-srlv/KJ641338	KJ641338	25462356	Small ruminant lentivirus	-	-	-
alignment/AL_SRLV/member/ncbi-curated-srlv/KJ641339	KJ641339	25462356	Small ruminant lentivirus	-	-	-
alignment/AL_SRLV/member/ncbi-curated-srlv/KJ641340	KJ641340	25462356	Small ruminant lentivirus	-	-	-
alignment/AL_SRLV/member/ncbi-curated-srlv/KJ641341	KJ641341	25462356	Small ruminant lentivirus	-	-	-
alignment/AL_SRLV/member/ncbi-curated-srlv/KJ641342	KJ641342	25462356	Small ruminant lentivirus	-	-	-
alignment/AL_SRLV/member/ncbi-curated-srlv/KJ641343	KJ641343	25462356	Small ruminant lentivirus	-	-	-
alignment/AL_SRLV/member/ncbi-curated-srlv/KJ641344	KJ641344	25462356	Small ruminant lentivirus	-	-	-
alignment/AL_SRLV/member/ncbi-curated-srlv/KJ641345	KJ641345	25462356	Small ruminant lentivirus	-	-	-
alignment/AL_SRLV/member/ncbi-curated-srlv/KJ641346	KJ641346	25462356	Small ruminant lentivirus	-	-	-
alignment/AL_SRLV/member/ncbi-curated-srlv/KJ641347	KJ641347	25462356	Small ruminant lentivirus	-	-	-
alignment/AL_SRLV/member/ncbi-curated-srlv/KJ641348	KJ641348	25462356	Small ruminant lentivirus	-	-	-
alignment/AL_SRLV/member/ncbi-curated-srlv/KJ641349	KJ641349	25462356	Small ruminant lentivirus	-	-	-
alignment/AL_SRLV/member/ncbi-curated-srlv/KJ641350	KJ641350	25462356	Small ruminant lentivirus	-	-	-
alignment/AL_SRLV/member/ncbi-curated-srlv/KJ641351	KJ641351	25462356	Small ruminant lentivirus	-	-	-
alignment/AL_SRLV/member/ncbi-curated-srlv/KJ641352	KJ641352	25462356	Small ruminant lentivirus	-	-	-
alignment/AL_SRLV/member/ncbi-curated-srlv/KJ641353	KJ641353	25462356	Small ruminant lentivirus	-	-	-
alignment/AL_SRLV/member/ncbi-curated-srlv/KJ641354	KJ641354	25462356	Small ruminant lentivirus	-	-	-
alignment/AL_SRLV/member/ncbi-curated-srlv/KJ641355	KJ641355	25462356	Small ruminant lentivirus	-	-	-
alignment/AL_SRLV/member/ncbi-curated-srlv/KJ641356	KJ641356	25462356	Small ruminant lentivirus	-	-	-
alignment/AL_SRLV/member/ncbi-curated-srlv/KJ641357	KJ641357	25462356	Small ruminant lentivirus	-	-	-
alignment/AL_SRLV/member/ncbi-curated-srlv/KJ641358	KJ641358	25462356	Small ruminant lentivirus	-	-	-
alignment/AL_SRLV/member/ncbi-curated-srlv/KJ641359	KJ641359	25462356	Small ruminant lentivirus	-	-	-
alignment/AL_SRLV/member/ncbi-curated-srlv/KJ641360	KJ641360	25462356	Small ruminant lentivirus	-	-	-
alignment/AL_SRLV/member/ncbi-curated-srlv/KJ641361	KJ641361	25462356	Small ruminant lentivirus	-	-	-
alignment/AL_SRLV/member/ncbi-curated-srlv/KJ641362	KJ641362	25462356	Small ruminant lentivirus	-	-	-
alignment/AL_SRLV/member/ncbi-curated-srlv/KJ641363	KJ641363	25462356	Small ruminant lentivirus	-	-	-
alignment/AL_SRLV/member/ncbi-curated-srlv/KJ641364	KJ641364	25462356	Small ruminant lentivirus	-	-	-
alignment/AL_SRLV/member/ncbi-curated-srlv/KJ641365	KJ641365	25462356	Small ruminant lentivirus	-	-	-
alignment/AL_SRLV/member/ncbi-curated-srlv/KJ641366	KJ641366	25462356	Small ruminant lentivirus	-	-	-
alignment/AL_SRLV/member/ncbi-curated-srlv/KJ641367	KJ641367	25462356	Small ruminant lentivirus	-	-	-
alignment/AL_SRLV/member/ncbi-curated-srlv/KJ641368	KJ641368	25462356	Small ruminant lentivirus	-	-	-
alignment/AL_SRLV/member/ncbi-curated-srlv/KJ641369	KJ641369	25462356	Small ruminant lentivirus	-	-	-
alignment/AL_SRLV/member/ncbi-curated-srlv/KJ641370	KJ641370	25462356	Small ruminant lentivirus	-	-	-
alignment/AL_SRLV/member/ncbi-curated-srlv/KJ641371	KJ641371	25462356	Small ruminant lentivirus	-	-	-
alignment/AL_SRLV/member/ncbi-curated-srlv/KJ641372	KJ641372	25462356	Small ruminant lentivirus	-	-	-
alignment/AL_SRLV/member/ncbi-curated-srlv/KJ641373	KJ641373	25462356	Small ruminant lentivirus	-	-	-
alignment/AL_SRLV/member/ncbi-curated-srlv/KJ641374	KJ641374	25462356	Small ruminant lentivirus	-	-	-
alignment/AL_SRLV/member/ncbi-curated-srlv/KJ641375	KJ641375	25462356	Small ruminant lentivirus	-	-	-
alignment/AL_SRLV/member/ncbi-curated-srlv/KJ641376	KJ641376	25462356	Small ruminant lentivirus	-	-	-
alignment/AL_SRLV/member/ncbi-curated-srlv/KJ641377	KJ641377	25462356	Small ruminant lentivirus	-	-	-
alignment/AL_SRLV/member/ncbi-curated-srlv/KJ641378	KJ641378	25462356	Small ruminant lentivirus	-	-	-
alignment/AL_SRLV/member/ncbi-curated-srlv/KJ641379	KJ641379	25462356	Small ruminant lentivirus	-	-	-
alignment/AL_SRLV/member/ncbi-curated-srlv/KJ641380	KJ641380	25462356	Small ruminant lentivirus	-	-	-
alignment/AL_SRLV/member/ncbi-curated-srlv/KJ641381	KJ641381	25462356	Small ruminant lentivirus	-	-	-
alignment/AL_SRLV/member/ncbi-curated-srlv/KJ641382	KJ641382	25462356	Small ruminant lentivirus	-	-	-
alignment/AL_SRLV/member/ncbi-curated-srlv/KJ641383	KJ641383	25462356	Small ruminant lentivirus	-	-	-
alignment/AL_SRLV/member/ncbi-curated-srlv/KJ641384	KJ641384	25462356	Small ruminant lentivirus	-	-	-
alignment/AL_SRLV/member/ncbi-curated-srlv/KJ641385	KJ641385	25462356	Small ruminant lentivirus	-	-	-
alignment/AL_SRLV/member/ncbi-curated-srlv/KJ641386	KJ641386	25462356	Small ruminant lentivirus	-	-	-
alignment/AL_SRLV/member/ncbi-curated-srlv/KJ641387	KJ641387	25462356	Small ruminant lentivirus	-	-	-
alignment/AL_SRLV/member/ncbi-curated-srlv/KJ641388	KJ641388	25462356	Small ruminant lentivirus	-	-	-
alignment/AL_SRLV/member/ncbi-curated-srlv/KJ641389	KJ641389	25462356	Small ruminant lentivirus	-	-	-
alignment/AL_SRLV/member/ncbi-curated-srlv/KJ641390	KJ641390	25462356	Small ruminant lentivirus	-	-	-
alignment/AL_SRLV/member/ncbi-curated-srlv/KJ641391	KJ641391	25462356	Small ruminant lentivirus	-	-	-
alignment/AL_SRLV/member/ncbi-curated-srlv/KJ641392	KJ641392	25462356	Small ruminant lentivirus	-	-	-
alignment/AL_SRLV/member/ncbi-curated-srlv/KJ641393	KJ641393	25462356	Small ruminant lentivirus	-	-	-
alignment/AL_SRLV/member/ncbi-curated-srlv/KJ641394	KJ641394	25462356	Small ruminant lentivirus	-	-	-
alignment/AL_SRLV/member/ncbi-curated-srlv/KJ641395	KJ641395	25462356	Small ruminant lentivirus	-	-	-
alignment/AL_SRLV/member/ncbi-curated-srlv/KJ641396	KJ641396	25462356	Small ruminant lentivirus	-	-	-
alignment/AL_SRLV/member/ncbi-curated-srlv/KJ641397	KJ641397	25462356	Small ruminant lentivirus	-	-	-
alignment/AL_SRLV/member/ncbi-curated-srlv/KJ641398	KJ641398	25462356	Small ruminant lentivirus	-	-	-
alignment/AL_SRLV/member/ncbi-curated-srlv/KT453988	KT453988	26517396	Small ruminant lentivirus	-	-	-
alignment/AL_SRLV/member/ncbi-curated-srlv/KT453989	KT453989	26517396	Small ruminant lentivirus	-	-	-
alignment/AL_SRLV/member/ncbi-curated-srlv/KT453990	KT453990	26517396	Small ruminant lentivirus	-	-	-
alignment/AL_SRLV/member/ncbi-curated-srlv/KT921318	KT921318	-	Small ruminant lentivirus	-	-	-
alignment/AL_SRLV/member/ncbi-curated-srlv/KT921319	KT921319	-	Small ruminant lentivirus	-	-	-
alignment/AL_SRLV/member/ncbi-curated-srlv/KT921320	KT921320	-	Small ruminant lentivirus	-	-	-
alignment/AL_SRLV/member/ncbi-curated-srlv/KY358787	KY358787	-	Small ruminant lentivirus	-	-	-
alignment/AL_SRLV/member/ncbi-curated-srlv/KY358788	KY358788	-	Small ruminant lentivirus	-	-	-
alignment/AL_SRLV/member/ncbi-curated-srlv/KY865008	KY865008	29505612	Small ruminant lentivirus	-	-	-
alignment/AL_SRLV/member/ncbi-curated-srlv/KY865009	KY865009	29505612	Small ruminant lentivirus	-	-	-
alignment/AL_SRLV/member/ncbi-curated-srlv/KY865010	KY865010	29505612	Small ruminant lentivirus	-	-	-
alignment/AL_SRLV/member/ncbi-curated-srlv/KY865011	KY865011	29505612	Small ruminant lentivirus	-	-	-
alignment/AL_SRLV/member/ncbi-curated-srlv/KY865012	KY865012	29505612	Small ruminant lentivirus	-	-	-
alignment/AL_SRLV/member/ncbi-curated-srlv/KY865013	KY865013	29505612	Small ruminant lentivirus	-	-	-
alignment/AL_SRLV/member/ncbi-curated-srlv/KY865014	KY865014	29505612	Small ruminant lentivirus	-	-	-
alignment/AL_SRLV/member/ncbi-curated-srlv/KY865015	KY865015	29505612	Small ruminant lentivirus	-	-	-
alignment/AL_SRLV/member/ncbi-curated-srlv/KY865016	KY865016	29505612	Small ruminant lentivirus	-	-	-
alignment/AL_SRLV/member/ncbi-curated-srlv/KY865017	KY865017	29505612	Small ruminant lentivirus	-	-	-
alignment/AL_SRLV/member/ncbi-curated-srlv/KY865019	KY865019	29505612	Small ruminant lentivirus	-	-	-
alignment/AL_SRLV/member/ncbi-curated-srlv/KY865020	KY865020	29505612	Small ruminant lentivirus	-	-	-
alignment/AL_SRLV/member/ncbi-curated-srlv/KY865021	KY865021	29505612	Small ruminant lentivirus	-	-	-
alignment/AL_SRLV/member/ncbi-curated-srlv/KY865022	KY865022	29505612	Small ruminant lentivirus	-	-	-
alignment/AL_SRLV/member/ncbi-curated-srlv/KY865023	KY865023	29505612	Small ruminant lentivirus	-	-	-
alignment/AL_SRLV/member/ncbi-curated-srlv/KY865025	KY865025	29505612	Small ruminant lentivirus	-	-	-
alignment/AL_SRLV/member/ncbi-curated-srlv/KY865026	KY865026	29505612	Small ruminant lentivirus	-	-	-
alignment/AL_SRLV/member/ncbi-curated-srlv/KY865027	KY865027	29505612	Small ruminant lentivirus	-	-	-
alignment/AL_SRLV/member/ncbi-curated-srlv/KY865028	KY865028	29505612	Small ruminant lentivirus	-	-	-
alignment/AL_SRLV/member/ncbi-curated-srlv/KY865030	KY865030	29505612	Small ruminant lentivirus	-	-	-
alignment/AL_SRLV/member/ncbi-curated-srlv/KY865031	KY865031	29505612	Small ruminant lentivirus	-	-	-
alignment/AL_SRLV/member/ncbi-curated-srlv/LC208636	LC208636	-	Small ruminant lentivirus	-	-	-
alignment/AL_SRLV/member/ncbi-curated-srlv/LC208641	LC208641	-	Small ruminant lentivirus	-	-	-
alignment/AL_SRLV/member/ncbi-curated-srlv/LC208646	LC208646	-	Small ruminant lentivirus	-	-	-
alignment/AL_SRLV/member/ncbi-curated-srlv/LC208647	LC208647	-	Small ruminant lentivirus	-	-	-
alignment/AL_SRLV/member/ncbi-curated-srlv/LR723087	LR723087	-	Small ruminant lentivirus	-	-	-
alignment/AL_SRLV/member/ncbi-curated-srlv/LR723090	LR723090	-	Small ruminant lentivirus	-	-	-
alignment/AL_SRLV/member/ncbi-curated-srlv/LR723091	LR723091	-	Small ruminant lentivirus	-	-	-
alignment/AL_SRLV/member/ncbi-curated-srlv/LR723092	LR723092	-	Small ruminant lentivirus	-	-	-
alignment/AL_SRLV/member/ncbi-curated-srlv/LR723093	LR723093	-	Small ruminant lentivirus	-	-	-
alignment/AL_SRLV/member/ncbi-curated-srlv/LR723094	LR723094	-	Small ruminant lentivirus	-	-	-
alignment/AL_SRLV/member/ncbi-curated-srlv/LR723095	LR723095	-	Small ruminant lentivirus	-	-	-
alignment/AL_SRLV/member/ncbi-curated-srlv/LR723096	LR723096	-	Small ruminant lentivirus	-	-	-
alignment/AL_SRLV/member/ncbi-curated-srlv/LR723097	LR723097	-	Small ruminant lentivirus	-	-	-
alignment/AL_SRLV/member/ncbi-curated-srlv/LR723098	LR723098	-	Small ruminant lentivirus	-	-	-
alignment/AL_SRLV/member/ncbi-curated-srlv/LR723321	LR723321	-	Small ruminant lentivirus	-	-	-
alignment/AL_SRLV/member/ncbi-curated-srlv/LR723322	LR723322	-	Small ruminant lentivirus	-	-	-
alignment/AL_SRLV/member/ncbi-curated-srlv/LR723323	LR723323	-	Small ruminant lentivirus	-	-	-
alignment/AL_SRLV/member/ncbi-curated-srlv/LR723540	LR723540	-	Small ruminant lentivirus	-	-	-
alignment/AL_SRLV/member/ncbi-curated-srlv/LR723541	LR723541	-	Small ruminant lentivirus	-	-	-
alignment/AL_SRLV/member/ncbi-curated-srlv/LR723542	LR723542	-	Small ruminant lentivirus	-	-	-
alignment/AL_SRLV/member/ncbi-curated-srlv/LR723543	LR723543	-	Small ruminant lentivirus	-	-	-
alignment/AL_SRLV/member/ncbi-curated-srlv/LR723544	LR723544	-	Small ruminant lentivirus	-	-	-
alignment/AL_SRLV/member/ncbi-curated-srlv/LR723545	LR723545	-	Small ruminant lentivirus	-	-	-
alignment/AL_SRLV/member/ncbi-curated-srlv/LR723546	LR723546	-	Small ruminant lentivirus	-	-	-
alignment/AL_SRLV/member/ncbi-curated-srlv/LR723547	LR723547	-	Small ruminant lentivirus	-	-	-
alignment/AL_SRLV/member/ncbi-curated-srlv/LR723548	LR723548	-	Small ruminant lentivirus	-	-	-
alignment/AL_SRLV/member/ncbi-curated-srlv/LR723549	LR723549	-	Small ruminant lentivirus	-	-	-
alignment/AL_SRLV/member/ncbi-curated-srlv/LR723556	LR723556	-	Small ruminant lentivirus	-	-	-
alignment/AL_SRLV/member/ncbi-curated-srlv/LR723557	LR723557	-	Small ruminant lentivirus	-	-	-
alignment/AL_SRLV/member/ncbi-curated-srlv/LR723558	LR723558	-	Small ruminant lentivirus	-	-	-
alignment/AL_SRLV/member/ncbi-curated-srlv/LR723559	LR723559	-	Small ruminant lentivirus	-	-	-
alignment/AL_SRLV/member/ncbi-curated-srlv/LR723560	LR723560	-	Small ruminant lentivirus	-	-	-
alignment/AL_SRLV/member/ncbi-curated-srlv/LR723561	LR723561	-	Small ruminant lentivirus	-	-	-
alignment/AL_SRLV/member/ncbi-curated-srlv/LR723562	LR723562	-	Small ruminant lentivirus	-	-	-
alignment/AL_SRLV/member/ncbi-curated-srlv/LR723563	LR723563	-	Small ruminant lentivirus	-	-	-
alignment/AL_SRLV/member/ncbi-curated-srlv/LR723564	LR723564	-	Small ruminant lentivirus	-	-	-
alignment/AL_SRLV/member/ncbi-curated-srlv/LR723565	LR723565	-	Small ruminant lentivirus	-	-	-
alignment/AL_SRLV/member/ncbi-curated-srlv/LR723566	LR723566	-	Small ruminant lentivirus	-	-	-
alignment/AL_SRLV/member/ncbi-curated-srlv/LR723567	LR723567	-	Small ruminant lentivirus	-	-	-
alignment/AL_SRLV/member/ncbi-curated-srlv/LR723568	LR723568	-	Small ruminant lentivirus	-	-	-
alignment/AL_SRLV/member/ncbi-curated-srlv/LR723569	LR723569	-	Small ruminant lentivirus	-	-	-
alignment/AL_SRLV/member/ncbi-curated-srlv/LR723570	LR723570	-	Small ruminant lentivirus	-	-	-
alignment/AL_SRLV/member/ncbi-curated-srlv/LR723571	LR723571	-	Small ruminant lentivirus	-	-	-
alignment/AL_SRLV/member/ncbi-curated-srlv/LR723572	LR723572	-	Small ruminant lentivirus	-	-	-
alignment/AL_SRLV/member/ncbi-curated-srlv/LR723573	LR723573	-	Small ruminant lentivirus	-	-	-
alignment/AL_SRLV/member/ncbi-curated-srlv/LR723574	LR723574	-	Small ruminant lentivirus	-	-	-
alignment/AL_SRLV/member/ncbi-curated-srlv/LR723575	LR723575	-	Small ruminant lentivirus	-	-	-
alignment/AL_SRLV/member/ncbi-curated-srlv/LR723576	LR723576	-	Small ruminant lentivirus	-	-	-
alignment/AL_SRLV/member/ncbi-curated-srlv/LR723577	LR723577	-	Small ruminant lentivirus	-	-	-
alignment/AL_SRLV/member/ncbi-curated-srlv/LR723578	LR723578	-	Small ruminant lentivirus	-	-	-
alignment/AL_SRLV/member/ncbi-curated-srlv/LR723580	LR723580	-	Small ruminant lentivirus	-	-	-
alignment/AL_SRLV/member/ncbi-curated-srlv/LR723581	LR723581	-	Small ruminant lentivirus	-	-	-
alignment/AL_SRLV/member/ncbi-curated-srlv/LR723582	LR723582	-	Small ruminant lentivirus	-	-	-
alignment/AL_SRLV/member/ncbi-curated-srlv/LR723583	LR723583	-	Small ruminant lentivirus	-	-	-
alignment/AL_SRLV/member/ncbi-curated-srlv/LR723584	LR723584	-	Small ruminant lentivirus	-	-	-
alignment/AL_SRLV/member/ncbi-curated-srlv/LR732016	LR732016	-	Small ruminant lentivirus	-	-	-
alignment/AL_SRLV/member/ncbi-curated-srlv/LR732017	LR732017	-	Small ruminant lentivirus	-	-	-
alignment/AL_SRLV/member/ncbi-curated-srlv/LR732018	LR732018	-	Small ruminant lentivirus	-	-	-
alignment/AL_SRLV/member/ncbi-curated-srlv/LR732244	LR732244	-	Small ruminant lentivirus	-	-	-
alignment/AL_SRLV/member/ncbi-curated-srlv/LR732246	LR732246	-	Small ruminant lentivirus	-	-	-
alignment/AL_SRLV/member/ncbi-curated-srlv/LR732247	LR732247	-	Small ruminant lentivirus	-	-	-
alignment/AL_SRLV/member/ncbi-curated-srlv/LR732248	LR732248	-	Small ruminant lentivirus	-	-	-
alignment/AL_SRLV/member/ncbi-curated-srlv/LR732249	LR732249	-	Small ruminant lentivirus	-	-	-
alignment/AL_SRLV/member/ncbi-curated-srlv/LR732251	LR732251	-	Small ruminant lentivirus	-	-	-
alignment/AL_SRLV/member/ncbi-curated-srlv/LR732252	LR732252	-	Small ruminant lentivirus	-	-	-
alignment/AL_SRLV/member/ncbi-curated-srlv/LR732253	LR732253	-	Small ruminant lentivirus	-	-	-
alignment/AL_SRLV/member/ncbi-curated-srlv/LR732254	LR732254	-	Small ruminant lentivirus	-	-	-
alignment/AL_SRLV/member/ncbi-curated-srlv/LR732255	LR732255	-	Small ruminant lentivirus	-	-	-
alignment/AL_SRLV/member/ncbi-curated-srlv/LR732256	LR732256	-	Small ruminant lentivirus	-	-	-
alignment/AL_SRLV/member/ncbi-curated-srlv/LR732257	LR732257	-	Small ruminant lentivirus	-	-	-
alignment/AL_SRLV/member/ncbi-curated-srlv/LR732258	LR732258	-	Small ruminant lentivirus	-	-	-
alignment/AL_SRLV/member/ncbi-curated-srlv/LR732259	LR732259	-	Small ruminant lentivirus	-	-	-
alignment/AL_SRLV/member/ncbi-curated-srlv/LR732260	LR732260	-	Small ruminant lentivirus	-	-	-
alignment/AL_SRLV/member/ncbi-curated-srlv/LR732261	LR732261	-	Small ruminant lentivirus	-	-	-
alignment/AL_SRLV/member/ncbi-curated-srlv/LR732722	LR732722	-	Small ruminant lentivirus	-	-	-
alignment/AL_SRLV/member/ncbi-curated-srlv/LR732723	LR732723	-	Small ruminant lentivirus	-	-	-
alignment/AL_SRLV/member/ncbi-curated-srlv/LR732724	LR732724	-	Small ruminant lentivirus	-	-	-
alignment/AL_SRLV/member/ncbi-curated-srlv/LR732725	LR732725	-	Small ruminant lentivirus	-	-	-
alignment/AL_SRLV/member/ncbi-curated-srlv/LR732726	LR732726	-	Small ruminant lentivirus	-	-	-
alignment/AL_SRLV/member/ncbi-curated-srlv/LR732727	LR732727	-	Small ruminant lentivirus	-	-	-
alignment/AL_SRLV/member/ncbi-curated-srlv/LR732728	LR732728	-	Small ruminant lentivirus	-	-	-
alignment/AL_SRLV/member/ncbi-curated-srlv/LR732729	LR732729	-	Small ruminant lentivirus	-	-	-
alignment/AL_SRLV/member/ncbi-curated-srlv/LR732731	LR732731	-	Small ruminant lentivirus	-	-	-
alignment/AL_SRLV/member/ncbi-curated-srlv/LR732732	LR732732	-	Small ruminant lentivirus	-	-	-
alignment/AL_SRLV/member/ncbi-curated-srlv/LR732733	LR732733	-	Small ruminant lentivirus	-	-	-
alignment/AL_SRLV/member/ncbi-curated-srlv/LR732734	LR732734	-	Small ruminant lentivirus	-	-	-
alignment/AL_SRLV/member/ncbi-curated-srlv/LR732735	LR732735	-	Small ruminant lentivirus	-	-	-
alignment/AL_SRLV/member/ncbi-curated-srlv/LR732736	LR732736	-	Small ruminant lentivirus	-	-	-
alignment/AL_SRLV/member/ncbi-curated-srlv/LR732737	LR732737	-	Small ruminant lentivirus	-	-	-
alignment/AL_SRLV/member/ncbi-curated-srlv/LR732738	LR732738	-	Small ruminant lentivirus	-	-	-
alignment/AL_SRLV/member/ncbi-curated-srlv/LR732739	LR732739	-	Small ruminant lentivirus	-	-	-
alignment/AL_SRLV/member/ncbi-curated-srlv/LR732740	LR732740	-	Small ruminant lentivirus	-	-	-
alignment/AL_SRLV/member/ncbi-curated-srlv/LR732741	LR732741	-	Small ruminant lentivirus	-	-	-
alignment/AL_SRLV/member/ncbi-curated-srlv/LR732742	LR732742	-	Small ruminant lentivirus	-	-	-
alignment/AL_SRLV/member/ncbi-curated-srlv/LR732743	LR732743	-	Small ruminant lentivirus	-	-	-
alignment/AL_SRLV/member/ncbi-curated-srlv/LR735178	LR735178	-	Small ruminant lentivirus	-	-	-
alignment/AL_SRLV/member/ncbi-curated-srlv/LR735179	LR735179	-	Small ruminant lentivirus	-	-	-
alignment/AL_SRLV/member/ncbi-curated-srlv/LR735180	LR735180	-	Small ruminant lentivirus	-	-	-
alignment/AL_SRLV/member/ncbi-curated-srlv/LR735181	LR735181	-	Small ruminant lentivirus	-	-	-
alignment/AL_SRLV/member/ncbi-curated-srlv/LR735182	LR735182	-	Small ruminant lentivirus	-	-	-
alignment/AL_SRLV/member/ncbi-curated-srlv/LR735183	LR735183	-	Small ruminant lentivirus	-	-	-
alignment/AL_SRLV/member/ncbi-curated-srlv/LR735184	LR735184	-	Small ruminant lentivirus	-	-	-
alignment/AL_SRLV/member/ncbi-curated-srlv/LR735185	LR735185	-	Small ruminant lentivirus	-	-	-
alignment/AL_SRLV/member/ncbi-curated-srlv/LR735186	LR735186	-	Small ruminant lentivirus	-	-	-
alignment/AL_SRLV/member/ncbi-curated-srlv/LR735187	LR735187	-	Small ruminant lentivirus	-	-	-
alignment/AL_SRLV/member/ncbi-curated-srlv/LR735188	LR735188	-	Small ruminant lentivirus	-	-	-
alignment/AL_SRLV/member/ncbi-curated-srlv/LR735189	LR735189	-	Small ruminant lentivirus	-	-	-
alignment/AL_SRLV/member/ncbi-curated-srlv/LR735190	LR735190	-	Small ruminant lentivirus	-	-	-
alignment/AL_SRLV/member/ncbi-curated-srlv/LR735191	LR735191	-	Small ruminant lentivirus	-	-	-
alignment/AL_SRLV/member/ncbi-curated-srlv/LR735192	LR735192	-	Small ruminant lentivirus	-	-	-
alignment/AL_SRLV/member/ncbi-curated-srlv/LR735193	LR735193	-	Small ruminant lentivirus	-	-	-
alignment/AL_SRLV/member/ncbi-curated-srlv/LR735194	LR735194	-	Small ruminant lentivirus	-	-	-
alignment/AL_SRLV/member/ncbi-curated-srlv/LR735203	LR735203	-	Small ruminant lentivirus	-	-	-
alignment/AL_SRLV/member/ncbi-curated-srlv/LR735204	LR735204	-	Small ruminant lentivirus	-	-	-
alignment/AL_SRLV/member/ncbi-curated-srlv/LR735205	LR735205	-	Small ruminant lentivirus	-	-	-
alignment/AL_SRLV/member/ncbi-curated-srlv/LR735206	LR735206	-	Small ruminant lentivirus	-	-	-
alignment/AL_SRLV/member/ncbi-curated-srlv/LR735207	LR735207	-	Small ruminant lentivirus	-	-	-
alignment/AL_SRLV/member/ncbi-curated-srlv/LR735208	LR735208	-	Small ruminant lentivirus	-	-	-
alignment/AL_SRLV/member/ncbi-curated-srlv/LR735209	LR735209	-	Small ruminant lentivirus	-	-	-
alignment/AL_SRLV/member/ncbi-curated-srlv/LR735210	LR735210	-	Small ruminant lentivirus	-	-	-
alignment/AL_SRLV/member/ncbi-curated-srlv/LR735211	LR735211	-	Small ruminant lentivirus	-	-	-
alignment/AL_SRLV/member/ncbi-curated-srlv/LR735212	LR735212	-	Small ruminant lentivirus	-	-	-
alignment/AL_SRLV/member/ncbi-curated-srlv/LR735213	LR735213	-	Small ruminant lentivirus	-	-	-
alignment/AL_SRLV/member/ncbi-curated-srlv/LR735214	LR735214	-	Small ruminant lentivirus	-	-	-
alignment/AL_SRLV/member/ncbi-curated-srlv/LR735215	LR735215	-	Small ruminant lentivirus	-	-	-
alignment/AL_SRLV/member/ncbi-curated-srlv/LR735216	LR735216	-	Small ruminant lentivirus	-	-	-
alignment/AL_SRLV/member/ncbi-curated-srlv/LR735217	LR735217	-	Small ruminant lentivirus	-	-	-
alignment/AL_SRLV/member/ncbi-curated-srlv/LR735218	LR735218	-	Small ruminant lentivirus	-	-	-
alignment/AL_SRLV/member/ncbi-curated-srlv/LR735229	LR735229	-	Small ruminant lentivirus	-	-	-
alignment/AL_SRLV/member/ncbi-curated-srlv/LR735230	LR735230	-	Small ruminant lentivirus	-	-	-
alignment/AL_SRLV/member/ncbi-curated-srlv/LR735231	LR735231	-	Small ruminant lentivirus	-	-	-
alignment/AL_SRLV/member/ncbi-curated-srlv/LR735232	LR735232	-	Small ruminant lentivirus	-	-	-
alignment/AL_SRLV/member/ncbi-curated-srlv/LR735233	LR735233	-	Small ruminant lentivirus	-	-	-
alignment/AL_SRLV/member/ncbi-curated-srlv/LR735234	LR735234	-	Small ruminant lentivirus	-	-	-
alignment/AL_SRLV/member/ncbi-curated-srlv/LR735235	LR735235	-	Small ruminant lentivirus	-	-	-
alignment/AL_SRLV/member/ncbi-curated-srlv/LR735236	LR735236	-	Small ruminant lentivirus	-	-	-
alignment/AL_SRLV/member/ncbi-curated-srlv/LR735238	LR735238	-	Small ruminant lentivirus	-	-	-
alignment/AL_SRLV/member/ncbi-curated-srlv/LR735239	LR735239	-	Small ruminant lentivirus	-	-	-
alignment/AL_SRLV/member/ncbi-curated-srlv/LR735240	LR735240	-	Small ruminant lentivirus	-	-	-
alignment/AL_SRLV/member/ncbi-curated-srlv/LR735686	LR735686	-	Small ruminant lentivirus	-	-	-
alignment/AL_SRLV/member/ncbi-curated-srlv/LR735687	LR735687	-	Small ruminant lentivirus	-	-	-
alignment/AL_SRLV/member/ncbi-curated-srlv/LR735688	LR735688	-	Small ruminant lentivirus	-	-	-
alignment/AL_SRLV/member/ncbi-curated-srlv/LR735689	LR735689	-	Small ruminant lentivirus	-	-	-
alignment/AL_SRLV/member/ncbi-curated-srlv/LR735690	LR735690	-	Small ruminant lentivirus	-	-	-
alignment/AL_SRLV/member/ncbi-curated-srlv/LR735691	LR735691	-	Small ruminant lentivirus	-	-	-
alignment/AL_SRLV/member/ncbi-curated-srlv/LR735692	LR735692	-	Small ruminant lentivirus	-	-	-
alignment/AL_SRLV/member/ncbi-curated-srlv/LR735693	LR735693	-	Small ruminant lentivirus	-	-	-
alignment/AL_SRLV/member/ncbi-curated-srlv/LR735694	LR735694	-	Small ruminant lentivirus	-	-	-
alignment/AL_SRLV/member/ncbi-curated-srlv/LR735696	LR735696	-	Small ruminant lentivirus	-	-	-
alignment/AL_SRLV/member/ncbi-curated-srlv/LR735697	LR735697	-	Small ruminant lentivirus	-	-	-
alignment/AL_SRLV/member/ncbi-curated-srlv/LR735698	LR735698	-	Small ruminant lentivirus	-	-	-
alignment/AL_SRLV/member/ncbi-curated-srlv/LR735699	LR735699	-	Small ruminant lentivirus	-	-	-
alignment/AL_SRLV/member/ncbi-curated-srlv/LR735700	LR735700	-	Small ruminant lentivirus	-	-	-
alignment/AL_SRLV/member/ncbi-curated-srlv/MG554402	MG554402	-	Small ruminant lentivirus	-	-	-
alignment/AL_SRLV/member/ncbi-curated-srlv/MG554403	MG554403	-	Small ruminant lentivirus	-	-	-
alignment/AL_SRLV/member/ncbi-curated-srlv/MG554404	MG554404	-	Small ruminant lentivirus	-	-	-
alignment/AL_SRLV/member/ncbi-curated-srlv/MG554405	MG554405	-	Small ruminant lentivirus	-	-	-
alignment/AL_SRLV/member/ncbi-curated-srlv/MG554406	MG554406	-	Small ruminant lentivirus	-	-	-
alignment/AL_SRLV/member/ncbi-curated-srlv/MG554407	MG554407	-	Small ruminant lentivirus	-	-	-
alignment/AL_SRLV/member/ncbi-curated-srlv/MG554408	MG554408	-	Small ruminant lentivirus	-	-	-
alignment/AL_SRLV/member/ncbi-curated-srlv/MG554409	MG554409	-	Small ruminant lentivirus	-	-	-
alignment/AL_SRLV/member/ncbi-curated-srlv/MG554410	MG554410	-	Small ruminant lentivirus	-	-	-
alignment/AL_SRLV/member/ncbi-curated-srlv/MG554411	MG554411	-	Small ruminant lentivirus	-	-	-
alignment/AL_SRLV/member/ncbi-curated-srlv/MG554412	MG554412	-	Small ruminant lentivirus	-	-	-
alignment/AL_SRLV/member/ncbi-curated-srlv/MG554413	MG554413	-	Small ruminant lentivirus	-	-	-
alignment/AL_SRLV/member/ncbi-curated-srlv/MG554414	MG554414	-	Small ruminant lentivirus	-	-	-
alignment/AL_SRLV/member/ncbi-curated-srlv/MG996440	MG996440	-	Small ruminant lentivirus	-	-	-
alignment/AL_SRLV/member/ncbi-curated-srlv/MH374283	MH374283	-	Small ruminant lentivirus	-	-	-
alignment/AL_SRLV/member/ncbi-curated-srlv/MH374284	MH374284	-	Small ruminant lentivirus	-	-	-
alignment/AL_SRLV/member/ncbi-curated-srlv/MH374285	MH374285	-	Small ruminant lentivirus	-	-	-
alignment/AL_SRLV/member/ncbi-curated-srlv/MH374286	MH374286	-	Small ruminant lentivirus	-	-	-
alignment/AL_SRLV/member/ncbi-curated-srlv/MH374287	MH374287	-	Small ruminant lentivirus	-	-	-
alignment/AL_SRLV/member/ncbi-curated-srlv/MH374288	MH374288	-	Small ruminant lentivirus	-	-	-
alignment/AL_SRLV/member/ncbi-curated-srlv/MH374289	MH374289	-	Small ruminant lentivirus	-	-	-
alignment/AL_SRLV/member/ncbi-curated-srlv/MH374290	MH374290	-	Small ruminant lentivirus	-	-	-
alignment/AL_SRLV/member/ncbi-curated-srlv/MH374291	MH374291	-	Small ruminant lentivirus	-	-	-
alignment/AL_SRLV/member/ncbi-curated-srlv/MH916859	MH916859	-	Small ruminant lentivirus	-	-	-
alignment/AL_SRLV/member/ncbi-curated-srlv/MH936674	MH936674	-	Small ruminant lentivirus	-	-	-
alignment/AL_SRLV/member/ncbi-curated-srlv/X54379	X54379	-	Visna-maedi virus	ZZV 1050	Netherlands	1982
