sequenceID	full_name	name	species	subgenus	clade	subtype	genotype	host_common_name	host_sci_name	isolate	year	country	pubmed_id
M32690	Bovine immunodeficiency virus	BIV	BIV	Bovine	Main	Main	NULL	Domestic cow	Bos taurus	NK	NK	United Kingdom	NK
U21603	Jembrana disease virus	JDV 	JDV 	Bovine	NULL	NULL	NULL	Balinese cattle	Bos javanicus domesticus	NK	NK	Indonesia	NK
NC_001452	Small ruminant lentivirus genotype A	SRLV-A	SRLV	Ovine-Caprine	A	1	NULL	Sheep	Ovis aries	NK	NK	Iceland	NK
NC_001463	Small ruminant lentivirus genotype B	SRLV-B	SRLV	Ovine-Caprine	B	1	NULL	Goat	Capra hircus	NK	NK	United States	NK
GQ381130	Small ruminant lentivirus genotype E2	SRLV-E2	SRLV	Ovine-Caprine	E	2	Seui	Goat	Capra hircus	NK	NK	Italy	NK
EU293537	Small ruminant lentivirus genotype E1	SRLV-E1	SRLV	Ovine-Caprine	E	1	NULL	Goat	Capra hircus	NK	NK	Italy	NK
AF322109	Small ruminant lentivirus genotype C	SRLV-C	SRLV	Ovine-Caprine	C	1	NULL	Goat	Ovis aries	NK	NK	Norway	NK
JF502416	Small ruminant lentivirus genotype B3	SRLV-B3	SRLV	Ovine-Caprine	B	3	NULL	Goat	Ovis aries	NK	NK	Italy	NK
AF016316	Equine infectious anemia virus	EIAV	EIAV	Equine	American	American	NULL	Domestic horse	Equus caballus	NK	NK	United States	NK
JX480632	Equine infectious anemia virus	EIAV	EIAV	Equine	European	European	NULL	Domestic horse	Equus caballus	NK	NK		NK
AF327877	Equine infectious anemia virus	EIAV	EIAV	Equine	Asian	Asian	NULL	Domestic horse	Equus caballus	NK	NK		NK
M25381	Feline immunodeficiency virus	FIV	FIV	Feline	Main	Main	NULL	Domestic cat	Felis catus	NK	NK	United States	NK
EF455613	Feline immunodeficiency virus isolate SR631	FIVpco 	FIVpco 	Feline	NULL	NULL	NULL	Cougar	Puma concolor	NK	NK	NK	NK
U56928	Feline immunodeficiency virus 	FIVoma 	FIVoma 	Feline	NULL	NULL	NULL	Pallas's cat	Otocolobus manul	NK	NK	NK	NK
AF033819	Human immunodeficiency virus 1	HIV-1M	HIV-1 	Primate	M	B	1	Human	Homo sapiens	HXB2	NK	United States	NK
HM803689	Simian immunodeficiency virus strain SIVrcm	SIVrcm	SIVrcm	Primate	NULL	NULL	NULL	Collared mangabey	Cercocebus torquatus	NK	NK	Cameroon	NK
M27470	Simian immunodeficiency virus strain SIVmnd	SIVmnd	SIVmnd	Primate	NULL	NULL	NULL	Mandrill	Mandrillus sphinx	NK	NK	NK	NK
L06042	Simian immunodeficiency virus	SIVsyk	SIVsyk	Primate	NULL	NULL	NULL	Sykes' monkey	Cercopithecus albogularis	NK	NK	NK	NK
AJ580407	Simian immunodeficiency virus SIVden	SIVden	SIVden	Primate	NULL	NULL	NULL	Mona monkey	Cercopithecus mona	NK	NK	NK	NK
AF468659	Simian immunodeficiency virus SIVgsn-99CM166	SIVgsn	SIVgsn	Primate	NULL	NULL	NULL	Greater spot-nosed monkey	Cercopithecus nictitans	NK	NK	NK	NK
X14307	Simian immunodeficiency virus from sooty mangabey monkey	SIVsmm	SIVsmm	Primate	NULL	NULL	NULL	Sooty mangabey	Cercocebus atys	NK	NK	NK	NK
MK686247	Human immunodeficiency virus 2	HIV-2	HIV-2	Primate	NULL	NULL	NULL	Human	Homo sapiens	NK	NK	NK	NK
AF131870	Simian immunodeficiency virus complete	SIVsun	SIVsun	Primate	NULL	NULL	NULL	Sun-tailed monkey	Cercopithecus solatus	NK	NK	NK	NK
AF301156	Simian immunodeficiency virus virus strain SIVcolCGU1	SIVcol	SIVcol	Primate	NULL	NULL	NULL	Mantled guereza	Colobus guereza	NK	NK	NK	NK
U04005	Simian immunodeficiency virus - agm.sab-1	SIVagm.sab-1	SIVagm.sab-1	Primate	NULL	NULL	NULL	African green monkey	Chlorocebus aethiops	NK	NK	NK	NK
AY159321	Simian immunodeficiency virus isolate SIVdrl1FAO	SIVdrl1	SIVdrl1	Primate	NULL	NULL	NULL	Drill monkey	Mandrillus leucophaeus	NK	NK	NK	NK
AF188116	Simian immunodeficiency virus	SIVhoest	SIVhoest	Primate	NULL	NULL	NULL	L'Hoest's monkey	Cercopithecus lhoesti	NK	NK	NK	NK
HQ179987	Human immunodeficiency virus 1	HIV-1	HIV-1	Primate	P	NULL	NULL	Human	Homo sapiens	NK	NK	NK	NK
FJ424871	Simian immunodeficiency virus gor	SIVgor	SIVgor	Primate	NK	NULL	NULL	Gorilla	Gorilla gorilla	NK	NK	NK	NK
L20571	Human immunodeficiency virus 1	HIV-1	HIV-1	Primate	O	NULL	NULL	Human	Homo sapiens	NK	NK	NK	NK
DQ017382	Human immunodeficiency virus 1	HIV-1	HIV-1	Primate	N	NULL	NULL	Human	Homo sapiens	NK	NK	NK	NK
X52154	Simian immunodeficiency virus cpz	SIVcpz	SIVcpz	Primate	NK	NULL	NULL	Chimpanzee	Pan troglodytes	NK	NK	NK	NK
AF103818	Simian immunodeficiency virus cpz	SIVcpz	SIVcpz	Primate	NK	NULL	NULL	Chimpanzee	Pan troglodytes	NK	NK	NK	NK
JN091691	Simian immunodeficiency virus cpz	SIVcpz	SIVcpz	Primate	NK	NULL	NULL	Chimpanzee	Pan troglodytes	NK	NK	NK	NK
AY618998	Human immunodeficiency virus 1	HIV-1	HIV-1	Primate	O	NULL	NULL	Human	Homo sapiens	NK	NK	NK	NK